code,name,EBITDA마진율(%),차입금의존도(%),차입금/EBITDA(TTM)(배),현금흐름(TTM)/차입금(%),금융비용(천원),자본총계(천원),이자발생부채(천원),C>=5,D<=50,E<=10,F>=10,G/H<=0.75,score,internal_rating,ag3_reason
00002,동화약품,12.82,19.61,5.54,22.29,5335256.06,409648123.72,127025936.49,1,1,1,1,1,0,AG2,
00004,KR모터스,-24.97,40.77,-12.52,-4.5,1706256.09,63047699.13,65895002.59,0,1,1,0,1,2,AG2,
00005,경방,23.47,15.84,2.56,38.16,10141516.74,827626071.42,201532168.74,1,1,1,1,1,0,AG2,
00007,삼양홀딩스,3.48,25.27,5.49,-11.26,18064872.86,2763746769.85,1351562576.9,0,1,1,0,1,2,AG2,
00008,하이트진로,15.52,31.12,3.29,17.59,13599870.19,1152600587.97,1041481320.4,1,1,1,1,1,0,AG2,
00010,유한양행,5.3,10.94,2.01,74.91,5221559.25,2340244976.59,358413365.75,1,1,1,1,1,0,AG2,
00012,CJ대한통운,2.87,39.95,3.73,22.55,72406618.56,4470185440.06,4365527419.82,0,1,1,1,1,1,AG2,
00014,하이트진로홀딩스,15.53,42.5,5.18,9.3,19883672.24,1145293908.55,1689433603.4,1,1,1,0,1,1,AG2,
00015,두산,10.83,30.47,5.41,11.02,781893000,13317377000,10592944000,1,1,1,1,1,0,AG2,
00018,성창기업지주,0.39,5.31,160.54,-31.03,476881.45,675609345.68,45408544.73,0,1,0,0,1,3,AG3,score
0001A,덕양에너젠,7.35,26.49,,,506988.98,110125667.21,45295581.99,1,1,,,1,,AG3,재무정보 미제공
00021,DL,18.54,46.44,7.07,6.85,155240733.59,5035824987.85,5803303598.09,1,1,1,0,1,1,AG2,
00022,유유제약,15.98,12.65,1.68,47.83,1658691.9,142557277.04,26214294.54,1,1,1,1,1,0,AG2,
00023,일동홀딩스,10.65,25.17,4.54,18.71,2315285.09,347825014.63,199634615.88,1,1,1,1,1,0,AG2,
00024,한국앤컴퍼니,34.31,2.22,0.22,182.48,3814792.73,4967176823.9,123352028.8,1,1,1,1,1,0,AG2,
00025,삼천당제약,13.32,8.5,1.95,59.4,994344.52,394474447.54,48723935.68,1,1,1,1,1,0,AG2,
00027,기아,10.19,2.53,0.23,324.66,163954000,61638039000,2662491000,1,1,1,1,1,0,AG2,
00030,DH오토넥스,3.65,17.78,2.11,62.84,663604.87,31896751.26,9299812.21,0,1,1,1,1,1,AG2,
00032,노루홀딩스,7.8,11.41,1.61,63.76,3823974.03,815899406.05,148677382.22,1,1,1,1,1,0,AG2,
00037,한화손해보험,7.72,5.49,2.08,46.01,,2901537030,1097206364,1,1,1,1,,,AG3,재무정보 미제공
00039,SP삼화,4.23,24.07,5.95,15.69,1650153.06,338106094.94,153860163.68,0,1,1,1,1,1,AG2,
00040,롯데손해보험,-2.21,5.82,13.36,7.12,,704713000,806842000,0,1,0,0,,,AG3,재무정보 미제공
00043,대원강업,9.46,21.52,3,35.3,3219793,757787089,331161168,1,1,1,1,1,0,AG2,
00044,중앙에너비스,0.9,0.92,-1.41,33.45,5130.88,50288133.06,503755,0,1,1,1,1,1,AG2,
00048,CR홀딩스,8.38,34.27,9.41,1.74,7646762,824921849,544569071,1,1,1,0,1,1,AG2,
00049,대동,5.48,45.34,11.11,3.31,35037201.35,651118935.32,1074242652.44,1,1,0,0,1,2,AG2,
0004V,엔비알모션,-8.14,35.07,,,561507.94,32486536.21,27148767.12,0,1,,,1,,AG3,재무정보 미제공
00050,가온전선,4.38,40.27,4.71,20.92,12026277,501086268,610333652,0,1,1,1,1,1,AG2,
00052,삼일제약,-9.35,44.59,-10.45,-16.7,2556691.58,128555934.14,166026080.05,0,1,1,0,1,2,AG2,
00054,흥국화재,0.51,2.67,4.59,16.43,,917062000,319005000,0,1,1,1,,,AG3,재무정보 미제공
00059,CS홀딩스,16.58,0.28,0.06,2102,676533.45,402540528.42,1185165.1,1,1,1,1,1,0,AG2,
00064,동아쏘시오홀딩스,5.45,31.42,3.43,26.64,7123597.12,1180615037.99,664900548.94,1,1,1,1,1,0,AG2,
00065,천일고속,-9.1,34.65,-6.47,-16.09,209757.33,7705515.75,18163601.56,0,1,1,0,1,2,AG2,
00066,SK하이닉스,78.63,9.8,0.24,374.35,3023483000,164379799000,21832416000,1,1,1,1,1,0,AG2,
00067,영풍,7.47,9.58,-2.45,22.54,220608762,4108054253.06,625636484.07,1,1,1,1,1,0,AG2,
00068,LS네트웍스,2.94,35.21,107.2,0.15,7514292.46,1286688499.41,5409521449.37,0,1,0,0,1,3,AG3,score
00070,유수홀딩스,11.54,3.64,0.3,263.88,2505903.16,412726321.13,18323527.85,1,1,1,1,1,0,AG2,
00072,현대건설,3.77,14.89,4.63,20.78,50548000,11028599000,4230826000,0,1,1,1,1,1,AG2,
00076,이화산업,10.48,8.83,19.11,-3.02,228435.77,205701132.11,23900000,1,1,0,0,1,2,AG2,
0007C,아크릴,-7.03,14.61,,,85836.39,43163341.94,7858437.78,0,1,,,1,,AG3,재무정보 미제공
0007J,인벤테라,,0.54,,,2405.41,31599562.02,175923.47,,1,,,1,,AG3,재무정보 미제공
00081,삼성화재,13.87,0.31,0.11,722.75,,24181031448.25,315611247,1,1,1,1,,,AG3,재무정보 미제공
00085,화천기공,5.88,5.98,2.06,66.83,111015.05,342320585.64,26287375.85,1,1,1,1,1,0,AG2,
00086,강남제비스코,0.59,13.32,3.26,24.75,696999.38,705572456.28,132725706.89,0,1,1,1,1,1,AG2,
00088,한화,8.95,22.98,9.54,8.18,466196000,50821182000,67756239000,1,1,1,0,1,1,AG2,
00089,보해양조,12.1,24.97,3.5,29.94,381984.01,90823256.8,36841260.07,1,1,1,1,1,0,AG2,
0008Z,에스엔시스,12.06,3.08,0.38,218.88,1246033.55,170371535.4,7229607.83,1,1,1,1,1,0,AG2,
00091,유니온,1.85,39.36,12.2,21.88,1620530.24,158267898.34,149557587.57,0,1,0,1,1,2,AG2,
00095,전방,-7.36,0.04,-0.02,266.01,1985.79,227198229.87,91441.2,0,1,1,1,1,1,AG2,
00097,한국주철관,4.63,0.63,0.16,707.27,2497156.04,359432588.78,2743785,0,1,1,1,1,1,AG2,
00099,DB하이텍,28.23,10.69,0.84,155.36,19290729.89,2364218945.78,325839002.03,1,1,1,1,1,0,AG2,
0009K,에임드바이오,-41.49,0.89,,,1239270.52,191900962.22,1773099.23,0,1,,,1,,AG3,재무정보 미제공
00100,신라섬유,39.09,47.28,25.02,1.23,154268.34,14583618.18,14600000,1,1,0,0,1,2,AG2,
00102,페이퍼코리아,6.77,34.18,19.24,-3.66,3575024.59,263076314.66,159773601.58,1,1,0,0,1,2,AG2,
00104,CJ,12.47,40.89,3.06,19.71,400270862,17171498941,19784799769,1,1,1,1,1,0,AG2,
00106,JW중외제약,19.29,8.71,0.43,135.43,1808492.22,381779288.56,54124639.15,1,1,1,1,1,0,AG2,
00107,대한방직,2.78,17.9,14.59,4.88,490767.83,155759958.33,41359307.02,0,1,0,0,1,3,AG3,score
00108,만호제강,3.98,11,-18.69,16.35,4790190.09,357832234.54,50018630.01,0,1,1,1,1,1,AG2,
0010F,보원케미칼,13.9,45.93,,,425535,33337486,36782784,1,1,,,1,,AG3,재무정보 미제공
0010V,제이피아이헬스케어,8.24,13.8,2.1,48.68,426758.99,63350588.05,11424330.11,1,1,1,1,1,0,AG2,
00112,LX인터내셔널,5.25,32.32,4.4,19.15,149000730.86,3639833120.4,3161860871.13,1,1,1,1,1,0,AG2,
00113,대한제분,5,18.96,3.12,3.21,3772108.13,1012460438.82,289044857,1,1,1,0,1,1,AG2,
0011A,액스비스,10.17,30.19,,,435506.99,55348362.83,29324115.05,1,1,,,1,,AG3,재무정보 미제공
0011T,채비,-27.63,50.65,,,1886553.77,57910783.18,95809274.7,0,0,,,1,,AG3,재무정보 미제공
00120,유진투자증권,6.82,10.09,13.78,6.83,116252,1167642543.02,1263200384,1,1,0,0,1,2,AG2,
00121,금호전기,1.68,15.27,-9.69,-38.89,122971.61,13307476.18,4591618.75,0,1,1,0,1,2,AG2,
00123,동국홀딩스,2.29,11.58,4.58,16.84,4272422.05,1975902638.43,323617048.43,0,1,1,1,1,1,AG2,
00125,GS글로벌,1.74,33.73,6.91,8.17,5399420,580511025,520165332,0,1,1,0,1,2,AG2,
00126,남광토건,3.27,8.13,2.68,18.04,365606.54,128544858.12,34882357.73,0,1,1,1,1,1,AG2,
00127,부국증권,3.38,12.76,3.84,21.4,,819234743.8,918835659,0,1,1,1,,,AG3,재무정보 미제공
00129,상상인증권,14.31,11.81,-230.14,1.16,,200714627.93,216690353,1,1,1,0,,,AG3,재무정보 미제공
00136,삼성제약,-19.32,10.35,-1.27,-136.54,828070.23,129812388.74,18145963.35,0,1,1,0,1,2,AG2,
00138,SG글로벌,14.86,11.95,2.24,32.92,386544.41,155211203,24181879.29,1,1,1,1,1,0,AG2,
00139,KG케미칼,2.7,24.33,4.2,24.42,51809591.36,3976634989.11,2138986631.52,0,1,1,1,1,1,AG2,
0013V,삼진식품,15.01,29.09,3.08,,227451.62,44625829.25,23103652,1,1,1,,1,,AG3,재무정보 미제공
00142,태원물산,-18.41,0,-0.02,-15087.37,,39714642.64,14070,0,1,1,0,,,AG3,재무정보 미제공
00143,세아베스틸지주,6.45,31.3,5.74,15.49,24047809.99,1952591499.44,1253053874.14,1,1,1,1,1,0,AG2,
00144,대한전선,6.58,30.84,5.52,18.66,77835058.25,1615256548.77,1081785468.44,1,1,1,1,1,0,AG2,
00145,현대해상,7.54,6.73,2.34,33.34,,5592870745.6,3329584699,1,1,1,1,,,AG3,재무정보 미제공
00147,삼부토건,-6.03,36.53,23.19,-75.51,865232.5,-143680118.15,63320001.01,0,1,0,0,1,3,AG3,score
00150,현대차증권,4.58,26.48,32.89,2.81,,1438009000,3366959000,0,1,0,0,,,AG3,재무정보 미제공
00151,SK증권,4.75,17.36,48.04,3.93,,628237294.37,1347606249,0,1,0,0,,,AG3,재무정보 미제공
00152,동양,-3.06,39.2,-177.22,7.38,27367287.44,764311202.28,570100409.03,0,1,1,0,1,2,AG2,
00153,DI동일,3.33,39.74,20.38,2.89,7222320.52,522520282.65,435774877.39,0,1,0,0,1,3,AG3,score
00154,안국약품,18.58,23.93,2.7,32.27,850963.54,170808831.37,78058482,1,1,1,1,1,0,AG2,
00155,조비,11.96,38.62,6.38,12.15,877174.95,58384464.59,54588323.72,1,1,1,1,1,0,AG2,
00156,제일연마,10.72,0,,113656.09,468538.26,107092658.16,,1,1,,1,1,,AG3,재무정보 미제공
00157,금양,-14.61,26.03,-13.86,-14.97,12268444.42,447481361.54,318078448.04,0,1,1,0,1,2,AG2,
0015G,그린광학,5.12,19.4,5.34,,223742.22,64527228.71,20149826.33,1,1,1,,1,,AG3,재무정보 미제공
0015N,아로마티카,12.31,7.45,,,48186.33,43831342.75,3962380.44,1,1,,,1,,AG3,재무정보 미제공
0015S,페스카로,11.65,1.02,0.51,,6892.46,62242587.21,693428.42,1,1,1,,1,,AG3,재무정보 미제공
00162,케이비아이동국실업,5.5,26.39,3.42,34.39,2318327.93,286030554.41,242111979.99,1,1,1,1,1,0,AG2,
00163,종근당홀딩스,12.69,33.81,5.29,19.28,7135896.21,923720408.52,567562130.68,1,1,1,1,1,0,AG2,
00168,대상,8.95,42.24,4.23,-9.48,21699170.65,1116085792.99,1569055735.75,1,1,1,0,1,1,AG2,
00172,신영증권,5.78,10.65,7.4,,,1996481013.17,1359808709,1,1,1,,,,AG3,재무정보 미제공
00174,SK네트웍스,4.14,32.04,7.49,10.8,27884000,2137964000,1849231000,0,1,1,1,1,1,AG2,
00175,한양증권,5.19,12.77,3.41,21.61,,647781440.38,945628951,1,1,1,1,,,AG3,재무정보 미제공
00177,SHD,0.36,16.41,5.27,16.21,77048.22,55183696.05,14520000,0,1,1,1,1,1,AG2,
00178,알루코,15.48,49.13,5.01,15.21,11151759.23,427269898.26,499867015.75,1,1,1,1,1,0,AG2,
00179,대한제당,2.64,31.47,5.95,-11.78,5977069,483653375,396777215,0,1,1,0,1,2,AG2,
0017J,세미티에스,14.24,0.19,,,2164,36016836,92180,1,1,,,1,,AG3,재무정보 미제공
00180,오리온홀딩스,24.72,3.57,0.3,294.43,8886376,5250359556.32,230911329.81,1,1,1,1,1,0,AG2,
00181,무림SP,1.36,28.18,26.23,-1.89,3892944.58,198021124.19,97003664.27,0,1,0,0,1,3,AG3,score
00182,삼화콘덴서,12.68,0.89,0.11,838.98,1277222.07,281254982.81,3121553.66,1,1,1,1,1,0,AG2,
00184,이화공영,-5.84,10.98,1.42,26.98,67312.7,14801661.19,5348135.83,0,1,1,1,1,1,AG2,
00194,KISCO홀딩스,-5.62,0.66,-0.23,1.39,2325832.17,1454191059.82,10820511.29,0,1,1,0,1,2,AG2,
00202,코오롱,8.24,34.2,16.84,-7.62,142686942.09,2611812731.56,2717165763.92,1,1,0,0,1,2,AG2,
00203,아세아,12.85,24.44,3.17,24.21,9293179,2032212977,812929132,1,1,1,1,1,0,AG2,
00207,비비안,-2.17,45.43,-23.04,-11.3,2259241.65,76716571.12,103816304,0,1,1,0,1,2,AG2,
00210,경농,22.59,27.19,3.22,25.43,1388072.3,303702715.58,145788414.26,1,1,1,1,1,0,AG2,
00214,고려산업,5.89,42.31,5.59,11.96,1130185,117318168.05,120825635.08,1,1,1,1,1,0,AG2,
00215,도화엔지니어링,0.46,26.62,5.49,7.92,1727945.44,242181770.56,194438097.63,0,1,1,0,1,2,AG2,
00217,SYTS,7.66,0.03,0.01,7083.07,1887501.37,450500707.62,136099,1,1,1,1,1,0,AG2,
00220,한국수출포장,-8.03,0.2,4.13,299.08,98299.21,268082064.97,663972.96,0,1,1,1,1,1,AG2,
00221,동성제약,3.96,25.74,-8.77,-31.94,1098728.14,93384867.74,74250569.97,0,1,1,0,1,2,AG2,
00222,한일철강,2.71,33.2,14.89,3.51,2768346.88,163928925.55,113236755.06,0,1,0,0,1,3,AG3,score
00223,피에스텍,2.35,13.04,4.12,67.26,3088451.59,140887953.88,23793503.66,0,1,1,1,1,1,AG2,
00224,고려제강,6.02,7.81,1.6,41.7,7609566.76,2024800459.51,217925861.3,1,1,1,1,1,0,AG2,
00229,삼일기업공사,7.86,0.02,0,16684.52,13773.24,72162653.57,18623,1,1,1,1,1,0,AG2,
00231,아세아제지,10.44,8.66,0.94,109.31,1034480.5,842660746.35,92151640.97,1,1,1,1,1,0,AG2,
00232,한진,8.31,51.08,7.73,8.08,30949354.41,1519362923.24,2201349771.35,1,0,1,0,1,2,AG2,
00235,넥센타이어,13.89,33.51,3.44,27.31,39279969.32,2145121196.35,1628121452.06,1,1,1,1,1,0,AG2,
00236,SH에너지화학,-4,14.18,-1.41,-61.13,220948.75,69287346.07,14270183.47,0,1,1,0,1,2,AG2,
00239,한독,4.94,47.38,14.13,5.66,6332782.51,267904617.02,378429912.65,0,1,0,0,1,3,AG3,score
00241,범양건영,9.77,85.68,-1.79,-94.43,1343494.49,-70224005.98,89132970.94,1,0,1,0,1,2,AG2,
00242,세기상사,4.83,35.64,11.21,3,164470.92,24571158.59,17622108.55,0,1,0,0,1,3,AG3,score
00245,삼익악기,18.21,29.64,8.03,21.18,1334063.04,297144864.61,160425156.56,1,1,1,1,1,0,AG2,
00246,HS화성,3.28,25.05,3.63,19.47,4701550.22,434331498.73,183725140.5,0,1,1,1,1,1,AG2,
00260,조흥,5.28,55.22,8.46,8.1,1951321.35,145760968.39,256632716.78,1,0,1,0,1,2,AG2,
00262,제일파마홀딩스,4.92,19.21,3.12,30.75,1894466.04,475119411.57,168672437.12,0,1,1,1,1,1,AG2,
00263,오리엔트바이오,-12.02,2.65,-0.89,-252.21,-118870.98,67732680.63,2127237.62,0,1,1,0,1,2,AG2,
00268,한탑,-4.49,53.32,31.96,-0.58,1048829.22,44813706.21,70904845,0,0,0,0,1,4,AG3,score
00269,동일제강,1.72,0.2,0.39,1621.27,6565.99,157796168.45,363476,0,1,1,1,1,1,AG2,
00270,신일전자,0.04,16.18,2.74,27.53,1537613.05,80848415.3,20185696.52,0,1,1,1,1,1,AG2,
00271,TCC스틸,0.05,40.81,43.94,3.75,5352332.7,249194627.61,236619312.92,0,1,0,0,1,3,AG3,score
00272,국제약품,6.39,17.28,3.39,30.7,190247.46,98503801.36,30920071.45,1,1,1,1,1,0,AG2,
00276,보락,8.82,1.85,0.26,266.22,55784.53,48879756.14,1080988.49,1,1,1,1,1,0,AG2,
00278,진흥기업,6.51,2.95,-0.85,-143.07,285556,250349002.33,16567359.04,1,1,1,0,1,1,AG2,
00279,아모레퍼시픽홀딩스,16.78,3.99,0.53,143.5,6578341.79,7262868969.48,353156570.45,1,1,1,1,1,0,AG2,
00280,신신제약,13.92,28.87,2.44,35.17,357498.39,76900267.72,40846265,1,1,1,1,1,0,AG2,
00281,삼영무역,6.1,2.5,0.89,352.71,958524.9,675508575.05,20145054.72,1,1,1,1,1,0,AG2,
00282,SUN&L,-2.68,38.39,-15.17,1.23,4614578.54,218538659.73,179467054.15,0,1,1,0,1,2,AG2,
00284,미원상사,17.12,0.03,0,51173.49,1176610.22,417701847.04,130473.06,1,1,1,1,1,0,AG2,
00287,신풍,-5.06,0.83,-0.73,243.63,1134896.28,74474055.45,643098.9,0,1,1,1,1,1,AG2,
00288,디와이에이,5.17,32.68,3.24,7.38,2585595.87,50042905.94,139382691.93,1,1,1,0,1,1,AG2,
00290,TYM,13.7,20.65,2.07,28.05,6733949.75,445151906.46,188700035,1,1,1,1,1,0,AG2,
00292,유성기업,1.89,2.19,-0.83,-43.12,101867.68,300232828.79,9514786.23,0,1,1,0,1,2,AG2,
00296,한국쉘석유,18.71,2.16,0.08,1884.98,40339.55,110210645.82,4786623.85,1,1,1,1,1,0,AG2,
00299,금호건설,3.19,9.81,3.05,31.15,2788779.46,232841705.52,148772914.75,0,1,1,1,1,1,AG2,
00300,부광약품,2.31,17.18,4.09,22.44,1058449.43,333778572.97,80654482.61,0,1,1,1,1,1,AG2,
00301,혜인,5.34,17.68,2.05,29.02,1973148.23,128112091.22,44050384.5,1,1,1,1,1,0,AG2,
00303,세아제강지주,5.23,40.9,8.92,7.75,26024104.96,2815908500.9,2630901178,1,1,1,0,1,1,AG2,
00306,에이프로젠바이오로직스,-39.86,39.37,-5.8,-54.94,10237024.98,272847345.45,227154694.14,0,1,1,0,1,2,AG2,
00307,코오롱글로벌,5.26,31.07,18.03,-23.99,22700906.93,692550943.7,961532147,1,1,0,0,1,2,AG2,
00308,SB성보,17.26,16.72,-8.39,73.33,544161.56,155165459.92,37293131.8,1,1,1,1,1,0,AG2,
00309,대웅,13.82,27.83,2.7,37.26,7932180.78,1853064064.67,948452863.51,1,1,1,1,1,0,AG2,
00310,선광,41.46,32.29,3.07,33.83,1492832.94,441406905.02,228546014.74,1,1,1,1,1,0,AG2,
00312,일성아이에스,1.57,0.04,-0.06,3169.11,10217.13,378925266.98,139750.35,0,1,1,1,1,1,AG2,
00316,디아이,19.42,23.58,3.18,17.36,1910045.1,210777404.86,101483908.03,1,1,1,1,1,0,AG2,
00320,일신방직,6.55,5.92,2.04,62.23,4570532.73,948763139.2,66096194.53,1,1,1,1,1,0,AG2,
00322,대원제약,6.81,31.08,8.07,9.48,3244829.26,270975110.67,185208961.73,1,1,1,0,1,1,AG2,
00323,삼양식품,27.62,21.27,0.85,103.34,4770972.99,1405510771.18,507750788.19,1,1,1,1,1,0,AG2,
00324,태광산업,-0.79,0.15,-0.54,135.9,5241765.52,4034906189.09,6980733.73,0,1,1,1,1,1,AG2,
00328,흥아해운,21.68,31.85,3.59,38.45,2140547.35,274738805.69,151962046,1,1,1,1,1,0,AG2,
00330,한일홀딩스,10.03,29.32,4.13,18.1,8528904.93,2301496694.16,1078533016.21,1,1,1,1,1,0,AG2,
00331,대주산업,10.76,3.84,0.44,128.3,56238.48,112142954.26,5641809.95,1,1,1,1,1,0,AG2,
00335,한국화장품제조,17.77,29.97,1.69,85.26,665136.5,111164056.22,64313985,1,1,1,1,1,0,AG2,
00338,하림지주,7.27,52.78,5.76,13.5,194636000,6707265000,9460005000,1,0,1,1,1,1,AG2,
00346,유화증권,64.83,0,,,,530887416.28,,1,1,,,,,AG3,재무정보 미제공
00347,유안타증권,4.74,15.06,25.15,4.44,,1923912257,3351636896,0,1,0,0,,,AG3,재무정보 미제공
00348,한진중공업홀딩스,13.91,32.84,4.33,20.24,7392000,512428000,606989000,1,1,1,1,1,0,AG2,
00349,대한항공,18.94,44.94,5.67,16.71,232142809.88,11275175493.59,23957687592.89,1,1,1,1,1,0,AG2,
00352,영진약품,0.87,36.42,10.65,7.26,811615.58,88807138.29,85146337.83,0,1,0,0,1,3,AG3,score
00353,한화투자증권,2.19,21.54,20.61,3.67,,2039010000,4103580000,0,1,0,0,,,AG3,재무정보 미제공
00354,대신증권,4.95,40.15,43.2,1.74,,4038124667,15513118835,0,1,0,0,,,AG3,재무정보 미제공
00355,LG,26.74,1.59,0.69,166.49,13462000,31602789000,557670000,1,1,1,1,1,0,AG2,
00357,SNT다이내믹스,13.37,3.47,0.56,263.48,1768949.93,890229473.91,43472929,1,1,1,1,1,0,AG2,
00358,HLB글로벌,-6.06,22.98,-5.15,-8.65,559271.02,74319994.69,26604082.6,0,1,1,0,1,2,AG2,
00361,방림,-0.17,6.51,2.86,51.94,291939.15,181658309.2,16402670,0,1,1,1,1,1,AG2,
00362,KG모빌리티,5.05,15.7,2.44,51.2,10000165.47,1511481608.09,561392486.31,1,1,1,1,1,0,AG2,
00365,미창석유,14.54,2.46,0.34,388.8,189683.97,491476165.64,13875098.13,1,1,1,1,1,0,AG2,
00367,포스코퓨처엠,9.32,43.98,18.24,5.1,74519564.79,4617557017.89,4186717844.76,1,1,0,0,1,2,AG2,
00368,한성기업,4.68,46.74,13.06,3.09,1301594.83,69196342.96,114379076.11,0,1,0,0,1,3,AG3,score
00369,코리안리,16.57,0,,,,3797304610.76,,1,1,,,,,AG3,재무정보 미제공
00372,삼영,16.46,43.72,4.18,33.6,546751.47,93216747.76,90062973.51,1,1,1,1,1,0,AG2,
00378,진양산업,11.36,27.1,1.14,68.77,227017.84,64939398.83,31064756.28,1,1,1,1,1,0,AG2,
00380,에이스침대,18.81,0.07,0.01,10717.62,854243.6,740062791.82,609632,1,1,1,1,1,0,AG2,
00383,대한화섬,-1.89,0.05,-0.06,2029.43,450334.73,714708636.47,402754.39,0,1,1,1,1,1,AG2,
00385,보령,12.27,20.54,3.04,43.25,7566651.2,873714279.79,287903078.95,1,1,1,1,1,0,AG2,
00392,남양유업,2.9,1.24,0.44,264.11,180017.89,940406472.54,13945630.06,0,1,1,1,1,1,AG2,
00396,사조대림,4.63,32.63,4.4,-0.69,7691349.01,796096999.04,705911702.93,0,1,1,0,1,2,AG2,
00400,롯데정밀화학,15.2,2.42,0.28,203.32,583747.61,2442464582.96,67106650,1,1,1,1,1,0,AG2,
00402,현대제철,7.44,31.27,5,17.32,176846833.14,19840668313.72,10956029824.84,1,1,1,1,1,0,AG2,
00406,SG세계물산,-4.27,1.6,9.18,24.46,40721.22,262094535.85,4655811.25,0,1,1,1,1,1,AG2,
00408,신흥,6.69,10.81,1.03,88.98,438120.33,113990457.05,16624371.03,1,1,1,1,1,0,AG2,
00409,한국석유,3.83,35.15,7.79,9.55,4040407.72,206865611.68,155758637.49,0,1,1,0,1,2,AG2,
00410,태양금속,6.57,38.66,7.14,7.34,4190117.74,169602603.65,242719136.98,1,1,1,0,1,1,AG2,
00414,동방,5.8,49.78,4.85,16.94,7418382.64,179362866.06,331859789.09,1,1,1,1,1,0,AG2,
00415,한솔홀딩스,5.39,9.06,1.35,48.44,1467849,652361295,82632123,1,1,1,1,1,0,AG2,
00417,신세계,17.89,33.09,5.44,10.86,79790181.56,6793493750.39,5289824619.73,1,1,1,1,1,0,AG2,
00427,남성,6.83,37.17,148.83,-3.27,5598287.73,106548584.26,103243036,1,1,0,0,1,2,AG2,
00431,현대약품,8.04,22.35,4.32,17.73,552420.15,134814872.66,50124898.4,1,1,1,1,1,0,AG2,
00436,세방,5.71,7.7,1.84,82.32,2426712.76,1227227616.39,118347967.86,1,1,1,1,1,0,AG2,
00437,농심,10.63,4.45,0.57,156.65,6857769.02,2922937865.14,178266044.12,1,1,1,1,1,0,AG2,
00438,삼익THK,1.03,44.86,-10.9,-13.62,1507449.48,152360585.01,179299197,0,1,1,0,1,2,AG2,
00441,서울식품,5.5,36.77,7.42,9.34,697564.42,26901918.73,27488698.54,1,1,1,0,1,1,AG2,
00443,송원산업,13.76,15.31,2.88,23.5,14030000,781100000,185871000,1,1,1,1,1,0,AG2,
00444,삼일씨엔에스,9.28,29.68,7.71,12.05,1341190.85,268649060.84,132439493.03,1,1,1,1,1,0,AG2,
00445,삼화왕관,10.66,31.98,4.41,19.82,732940.55,120721271.75,70359579.03,1,1,1,1,1,0,AG2,
00449,세방전지,9.47,11.63,1.28,77.29,18048780.21,1673785479.05,275683555.88,1,1,1,1,1,0,AG2,
00454,깨끗한나라,2.03,53.7,64.34,-5.75,6948313.23,162436993.97,331955220.77,0,0,0,0,1,4,AG3,score
00456,현대비앤지스틸,4.2,15.01,2.55,24.4,3648242.88,523576698.41,111549844.38,0,1,1,1,1,1,AG2,
00459,한국가구,14.2,5.14,0.73,105.09,227378.01,202221759.48,13728069.73,1,1,1,1,1,0,AG2,
00465,창해에탄올,19.98,16.44,1.54,53.51,506734.95,144525526.51,32452826.8,1,1,1,1,1,0,AG2,
00469,삼천리,8.3,20.61,3.09,26.95,11145664.32,1981212749.43,987902491.54,1,1,1,1,1,0,AG2,
00470,조광피혁,9.31,0.01,0,37255.9,88053.62,582449806.44,33994.66,1,1,1,1,1,0,AG2,
00471,한솔테크닉스,7.83,26.5,3.76,19.73,14115328.83,503957518.43,280295007.07,1,1,1,1,1,0,AG2,
00472,팜젠사이언스,6.84,3.09,0.6,-878.51,62026.38,150361994.21,6143968.37,1,1,1,0,1,1,AG2,
00477,써니전자,17.5,0.29,0.1,1228.39,73834.67,84706829.57,249486.28,1,1,1,1,1,0,AG2,
00478,대륙제관,7.54,4.59,0.53,175.83,75955.69,159754967.09,10231116.23,1,1,1,1,1,0,AG2,
00480,효성,22.86,31.29,3.06,42.12,58446184.32,2897806525.72,1764987759.01,1,1,1,1,1,0,AG2,
00483,덕성,5.69,25.25,4.57,23.51,1388932.29,97599044.13,38368229.53,1,1,1,1,1,0,AG2,
00484,DRB동일,6.97,32.97,5.3,13.72,8558981.54,542921794.97,329175079.42,1,1,1,1,1,0,AG2,
00487,티웨이홀딩스,-30.17,12.28,-4.06,,36678991.05,57756027.86,10107848.37,0,1,1,,1,,AG3,재무정보 미제공
00489,동일산업,4.66,2.05,2.15,8.3,2234434.17,413036064.13,9606994.9,0,1,1,0,1,2,AG2,
00491,조광페인트,-8.91,37.66,-13.91,-1.36,1972220.24,206016999.24,164963915.68,0,1,1,0,1,2,AG2,
00492,씨아이테크,-18.49,18.94,5.45,75.85,192184.1,78894107.85,20676402.54,0,1,1,1,1,1,AG2,
00496,한신공영,8.23,32.88,10.13,8.96,12832391.54,852904539.04,734832348.15,1,1,0,0,1,2,AG2,
00497,신라교역,12.1,5.75,2.31,50.94,307794.84,608171714.26,41301402,1,1,1,1,1,0,AG2,
00498,성신양회,4.87,35.88,4.81,16.22,10751572.05,587583411.89,479912898.41,0,1,1,1,1,1,AG2,
00499,롯데지주,7.99,40.46,7.87,3.98,132049355.08,9578543239.01,9320913254,1,1,1,0,1,1,AG2,
00501,휴스틸,1.03,11.06,7.53,2.9,2492850.13,1088717481.93,154614158.16,0,1,1,0,1,2,AG2,
00503,부산주공,3.35,54.96,18.57,5.82,1831486.74,23947799.66,121857157.27,0,0,0,0,1,4,AG3,score
00507,코스모신소재,3.75,24.27,11.69,4.71,14878414.99,538382183.14,196643125.39,0,1,0,0,1,3,AG3,score
00509,SGC에너지,10.84,60.31,9.15,1.35,32520833.23,747227174.14,2040319542.51,1,0,1,0,1,2,AG2,
00511,한창,-208.68,47.58,-3.54,240.16,245353.77,3785327.4,23665471.37,0,1,1,1,1,1,AG2,
00516,동국산업,0.65,35.18,21.36,-1.65,11643478.77,453181085.21,313692170.16,0,1,0,0,1,3,AG3,score
00518,빙그레,8.92,11.33,0.82,107.04,1288559.39,728052658.53,121274176.01,1,1,1,1,1,0,AG2,
00525,녹십자홀딩스,5.82,39.4,10.64,1.22,33358465.36,1719289162.85,1622525990.91,1,1,0,0,1,2,AG2,
00529,동진쎄미켐,25.36,31.71,2.52,26.79,4868848.89,1145750974.97,682090200.49,1,1,1,1,1,0,AG2,
00530,롯데칠성,11.74,38.24,4.16,17,19855911.97,1610415047.14,1632570422.15,1,1,1,1,1,0,AG2,
00532,온타이드,-7.51,22.58,-6.39,-29.86,3728582.08,101867534.6,38484596.58,0,1,1,0,1,2,AG2,
00536,모나미,-1.48,48.5,25.18,-1.92,980755,77737786.56,90191085.2,0,1,0,0,1,3,AG3,score
00538,현대차,8.33,48.05,10.71,9.2,351343000,132226735000,184417622000,1,1,0,0,1,2,AG2,
00542,코스모화학,7.11,35.98,34.88,-0.9,19819570.96,629201595.73,457650314.24,1,1,0,0,1,2,AG2,
00543,한국공항,15.27,7.5,0.3,284.6,451458.61,417555247.08,42134099.91,1,1,1,1,1,0,AG2,
00544,현대지에프홀딩스,8.87,9.83,1.76,86.59,12921321,7387472571,1064065291,1,1,1,1,1,0,AG2,
00549,POSCO홀딩스,9.85,29.24,4.98,16.44,1592555106.24,63393155104.64,31676696148,1,1,1,1,1,0,AG2,
00550,삼진제약,13.24,26.52,2.59,35.01,1525246.51,277593473.32,119984421.13,1,1,1,1,1,0,AG2,
00561,삼립,2.37,30.49,2.68,30.31,2891277.01,468901331.29,360706451,0,1,1,1,1,1,AG2,
00567,푸드웰,10.36,29.32,2.25,37.32,581530.02,120109494.22,73680687,1,1,1,1,1,0,AG2,
00568,삼영전자,9.32,0.02,0.01,6031.03,1113.68,546096403.5,121596.52,1,1,1,1,1,0,AG2,
00569,파미셀,37.8,12.3,0.49,426.88,190952.15,132783510.14,20684302.66,1,1,1,1,1,0,AG2,
00571,대원산업,6.27,1.58,0.16,641.49,86599.44,600304828.63,12397769.5,1,1,1,1,1,0,AG2,
00572,넥센,14.33,29.72,3.18,28.15,41544842.23,2734521843.47,1718766013.36,1,1,1,1,1,0,AG2,
00574,크라운해태홀딩스,10.03,22.14,2.66,28.33,2782964.9,610912151.68,264730139.53,1,1,1,1,1,0,AG2,
00575,대림바스,10.16,21.53,2.86,26.23,783474,180117401.61,75958815.29,1,1,1,1,1,0,AG2,
00580,신영와코루,2.51,1.22,0.93,219.03,74188.23,388044434.78,5240659,0,1,1,1,1,1,AG2,
00581,풍산홀딩스,32.11,7.43,1.29,103.04,1029608.84,1191115638.96,103655297.17,1,1,1,1,1,0,AG2,
00582,원림,8.22,4.33,1.29,85.57,322314.29,158964588.87,8396077.16,1,1,1,1,1,0,AG2,
00583,DB손해보험,6.27,2.37,0.7,158.56,14095000,11637146000,1765108000,1,1,1,1,1,0,AG2,
00585,에스엘,13.49,7.85,0.54,153.39,3946435.97,2688443181.12,342722151.25,1,1,1,1,1,0,AG2,
00586,한일사료,1.81,9.51,1.92,43.68,253046.97,163404144.53,19179289.26,0,1,1,1,1,1,AG2,
00587,휴니드,-10.9,39.46,-16.88,-6.27,1271654.56,160451841.52,135047887.82,0,1,1,0,1,2,AG2,
00588,대한해운,26.8,35.48,4.37,17.51,20506160.54,2602879393.87,1539961855.12,1,1,1,1,1,0,AG2,
00593,삼성전자,51.99,4.44,0.28,413.44,4858242000,486635976000,28138794000,1,1,1,1,1,0,AG2,
00594,NH투자증권,7.92,26.54,17.59,5.16,,9964982000,26292866000,1,1,0,0,,,AG3,재무정보 미제공
00595,이수화학,4.96,38.35,14.46,-3.64,22338453,391515614,396729463,0,1,0,0,1,3,AG3,score
00596,동부건설,3.26,27.54,9.01,12.98,4411048.11,562834053.79,476392351.22,0,1,1,1,1,1,AG2,
00599,매일홀딩스,7.07,19.43,1.82,59.64,2102133,867212183.31,280125019.32,1,1,1,1,1,0,AG2,
00604,동원산업,8.85,34.74,3.36,26.34,25761527.84,3853190233.01,2772343475.83,1,1,1,1,1,0,AG2,
00605,국영지앤엠,-12.73,14.94,27.96,20.27,53740.38,53211298.68,10931940.71,0,1,0,1,1,2,AG2,
00606,화승인더,7.37,50.4,4.71,11.57,13984543.42,563133548.34,863182912.39,1,0,1,1,1,1,AG2,
00609,사조오양,8.62,29.27,5.06,18.48,1239571.56,249483766.16,128786488.23,1,1,1,1,1,0,AG2,
00611,삼아알미늄,-0.74,43.73,-127.98,-5.18,847771.14,221124680.12,211389500.44,0,1,1,0,1,2,AG2,
00612,SK디스커버리,10.08,46.32,8.26,9.67,509202878.17,7037129414.23,8239320012.36,1,1,1,0,1,1,AG2,
00614,피제이전자,5.85,14.27,2.32,47.15,236595.93,140249879.65,30149630,1,1,1,1,1,0,AG2,
00620,한국전자홀딩스,3.55,12.48,10.56,0.21,651515.16,379161719.27,65328426.01,0,1,0,0,1,3,AG3,score
00622,제주은행,8.08,6.71,15.82,7.09,,642102000,561310000,1,1,0,0,,,AG3,재무정보 미제공
00626,LS,6.47,43.13,6.4,10.79,112282000,7752113000,11912808000,1,1,1,1,1,0,AG2,
00628,녹십자,7.91,32.94,6.26,6.4,22517262.64,1308971102.75,914327024.22,1,1,1,0,1,1,AG2,
00634,대원전선,8.71,10.46,1.59,74.85,575623.75,167599511.52,38660316.45,1,1,1,1,1,0,AG2,
00636,GS건설,5.57,34.71,9.51,5.31,200522000,5597238000,6435746000,1,1,1,0,1,1,AG2,
00637,대구백화점,-17.13,61.67,-30.04,-10.65,4421012.52,130060878.72,255659618.79,0,0,1,0,1,3,AG3,score
00638,카프로,-40.69,51.89,-5.81,-25.16,3120532.4,70310569.57,125539306,0,0,1,0,1,3,AG3,score
00640,삼성SDI,9.72,26.59,104.97,13.31,395588055.44,24909922230.11,11833014566.23,1,1,0,1,1,1,AG2,
00649,인스코비,-4.05,33.44,3.66,-184.8,504726.05,16559752.59,20004414,0,1,1,0,1,2,AG2,
00657,대림통상,0.9,55.54,-16.19,-15.43,1311334.33,35772635.77,86781249.4,0,0,1,0,1,3,AG3,score
00662,동구바이오제약,6.46,37.73,7.36,52.56,1010791.26,148602044.28,128106824.16,1,1,1,1,1,0,AG2,
00665,대한유화,13.03,11.13,1.07,110.63,8203010.28,2131189921.29,319367226.02,1,1,1,1,1,0,AG2,
00666,삼성공조,8.68,0.39,0.22,586.44,898481.03,297510454.23,1333813.09,1,1,1,1,1,0,AG2,
00673,서부T&D,32.55,42.23,14.89,11.14,9525819.3,1384414004.88,1373918792.67,1,1,0,1,1,1,AG2,
00674,블루산업개발,3.13,42.66,-6.42,-29.74,1594321.09,81043813.1,71281096.05,0,1,1,0,1,2,AG2,
00680,미래에셋증권,9.87,25.96,19.25,4.6,,14349461000,44098538000,1,1,0,0,,,AG3,재무정보 미제공
00684,AK홀딩스,13.96,53.91,14.46,7.42,42410927.93,1007356459,3083179630.42,1,0,0,0,1,3,AG3,score
00688,신송홀딩스,8.03,42.36,7.83,8.16,1207067.66,110613981.66,111345375.76,1,1,1,0,1,1,AG2,
00689,태경케미컬,0.05,17.96,13.91,26.74,564399.92,171647647.5,40350877.41,0,1,0,1,1,2,AG2,
00691,보성파워텍,15.28,0,0,24294.08,157846.71,114630135.08,55458.52,1,1,1,1,1,0,AG2,
00692,모헨즈,-2.82,1.88,-1.21,-119.32,0.07,37681336.35,1111627.09,0,1,1,0,1,2,AG2,
00698,우성,3.18,33.57,4.52,18.52,7082895.89,206488244.95,154316817.28,0,1,1,1,1,1,AG2,
00707,GS리테일,8.34,35.44,2.51,28.72,24380359.92,3269577921.33,2616396391.39,1,1,1,1,1,0,AG2,
00711,일신석재,3.74,15.99,7.33,6.07,142397.56,58692575.98,14719896.97,0,1,1,0,1,2,AG2,
00712,미래아이앤지,40.22,22.59,2.18,7.87,283854,49508770.41,16125790.28,1,1,1,0,1,1,AG2,
00716,사조산업,7.89,34.05,6.88,-5.28,4280183.98,631168696.34,439500758.65,1,1,1,0,1,1,AG2,
00721,벽산,8.72,29.01,3.45,31.43,3882992.98,374003252.42,199281172.83,1,1,1,1,1,0,AG2,
00728,한국특강,0.27,44.71,11.19,7.85,3987566.37,205572664.22,252529566,0,1,0,0,1,3,AG3,score
00731,오뚜기,10.93,23.1,2.36,30.58,7703021.16,2223743920.33,855889169.09,1,1,1,1,1,0,AG2,
00733,푸른저축은행,-13.26,0,,,,320052278.34,,0,1,,,,,AG3,재무정보 미제공
00734,DN오토모티브,16.81,34.53,3.37,20.05,27460894,2581512601,2232641109,1,1,1,1,1,0,AG2,
00737,진양제약,12.35,28.13,17,32.06,883995.83,159978433.04,76371135.98,1,1,0,1,1,1,AG2,
00739,네이처셀,-19.67,22.6,-13.89,-8.31,160083.13,63085860.56,19605641.96,0,1,1,0,1,2,AG2,
00746,에이프로젠,-40.44,26.86,-2.61,-77.58,4410600.77,430818838.62,187094554.21,0,1,1,0,1,2,AG2,
00753,와이엠,6.89,39.83,5.89,14.49,1516859,53749084.15,60091836.49,1,1,1,1,1,0,AG2,
00754,샘표,12.85,11.05,0.97,80.87,658255.39,368709837.24,54549401.1,1,1,1,1,1,0,AG2,
00757,일양약품,-8.14,24.2,44.46,25.2,916936.92,257529812.99,112645693.48,0,1,0,1,1,2,AG2,
00759,동방아그로,17.45,2.76,0.5,222.75,1341626.06,182869540.61,7372877.13,1,1,1,1,1,0,AG2,
00761,선도전기,-6.88,37.28,10.92,24.17,373408.5,35670784.32,27487187,0,1,0,1,1,2,AG2,
00766,이수페타시스,22.43,17.95,0.95,83.92,19525357.57,797083420.08,242677815,1,1,1,1,1,0,AG2,
00768,대원,1.75,33.79,-13.57,-3,1069460.48,280963658.93,178514124.74,0,1,1,0,1,2,AG2,
00769,국도화학,5.9,37.06,5.4,13.77,32277755.65,878549310.84,723497441.61,1,1,1,1,1,0,AG2,
00770,F&F홀딩스,31.69,6.55,0.51,183.97,7549362.81,3729831288.34,294488431.61,1,1,1,1,1,0,AG2,
00772,소노스퀘어,-0.58,1.85,0.33,2.41,707025.93,54678804.83,1294458.31,0,1,1,0,1,2,AG2,
00777,한일화학,1.36,23.46,-6.82,-45.37,488767.38,85776932.95,30720102.92,0,1,1,0,1,2,AG2,
00781,코리아써키트,10.07,22.61,2.61,39.27,3981670.67,845783011.23,330275195.98,1,1,1,1,1,0,AG2,
00782,엠엑스로보틱스,-0.28,28.9,-5,-21.35,370450.06,53144459.84,34915315.06,0,1,1,0,1,2,AG2,
00786,서연,8.16,23.46,2.24,34.23,21586139.32,1720488816.09,933070381.3,1,1,1,1,1,0,AG2,
00798,TP,7.98,43.97,4.53,16.53,12114250.76,297211068.04,368864872.28,1,1,1,1,1,0,AG2,
00804,사조동아원,3.96,24.99,2.33,-95.6,1128370.6,127713869.67,119541314.66,0,1,1,0,1,2,AG2,
00806,대덕,18.72,1.25,0.5,282.41,9830738.31,1435441268.81,22856327.45,1,1,1,1,1,0,AG2,
00825,이건산업,7.6,33.17,10.91,1.47,2627914.48,192467154.49,133279623.24,1,1,0,0,1,2,AG2,
00826,NI스틸,20.15,40.16,3.91,23.95,44859.98,271544180.8,219289150.95,1,1,1,1,1,0,AG2,
00829,원풍물산,-15.81,6.99,-0.2,-800.66,44386.2,14613689.24,1328230,0,1,1,0,1,2,AG2,
0082N,카나프테라퓨틱스,-6711.91,0.44,,,6118.81,49499515.79,226982.42,0,1,,,1,,AG3,재무정보 미제공
00835,남선알미늄,-0.95,11.46,35.86,30.7,541866.34,286602568.78,52751229,0,1,0,1,1,2,AG2,
00837,원풍,16.07,0,,,83155,93699183.11,,1,1,,,1,,AG3,재무정보 미제공
00842,문배철강,0.97,7.41,32.29,39.48,19737.31,195311213.87,17423921.67,0,1,0,1,1,2,AG2,
00847,부스타,-2.22,1.72,0.64,171.53,75091.1,80026900.86,1738926.56,0,1,1,1,1,1,AG2,
00849,서흥,15.76,41.15,4.79,19.84,5114134.98,556403076.62,447552127.73,1,1,1,1,1,0,AG2,
00850,일정실업,5.42,23.8,5.03,116.58,152087.58,19378846.3,8082191,1,1,1,1,1,0,AG2,
00860,윌비스,-1.17,64.32,-17.08,-15.19,4990331.21,41434191.43,170646636.09,0,0,1,0,1,3,AG3,score
00870,아남전자,-10.16,18.82,2.98,36.97,358270,136364809,42049776,0,1,1,1,1,1,AG2,
00873,율촌화학,5.92,41.76,8.8,10.18,2169222.86,287698836.98,283977685.72,1,1,1,1,1,0,AG2,
00877,호텔신라,5.06,44.53,10.91,-1.92,13021332.92,1114691131.43,1499198318,1,1,0,0,1,2,AG2,
00883,대동기어,1.43,42.74,19.62,3.71,1111205.74,76613112.4,128703403.66,0,1,0,0,1,3,AG3,score
00887,금비,7.29,39.4,7.17,13.19,1171226.75,139462288.81,118415282.34,1,1,1,1,1,0,AG2,
0088M,메쥬,26.79,6.69,,,32913.87,39389695.72,2914162.03,1,1,,,1,,AG3,재무정보 미제공
00893,한미사이언스,9.55,12.59,4.51,57.59,2807453.99,1000078530.23,188202766,1,1,1,1,1,0,AG2,
00897,KBI동양철관,8.56,21.78,10.57,6.29,5319663.59,143362677.25,54849530,1,1,0,0,1,2,AG2,
00914,경인전자,7.25,0.1,0.06,4796.73,2133.06,82953127.62,92986.14,1,1,1,1,1,0,AG2,
00915,삼성전기,16.26,17.46,1.24,84.62,29302473.48,10091093028.7,2734659352.85,1,1,1,1,1,0,AG2,
00918,한솔로지스틱스,5.22,16.82,0.94,75.28,1000858.87,145535035.09,48860851.67,1,1,1,1,1,0,AG2,
00919,대양금속,3.32,16.83,,,457828.1,100949548.17,26822851.58,0,1,,,1,,AG3,재무정보 미제공
00920,무림페이퍼,6.99,60.66,18.77,3.64,26777278.84,678493530.16,1574884063.72,1,0,0,0,1,3,AG3,score
00924,한샘,6.71,25.04,2.62,62.04,3916583.29,402969544.91,238573570.61,1,1,1,1,1,0,AG2,
00927,신원,3.73,43.78,8.32,5.24,6425734.64,229431273.07,299280887.32,0,1,1,0,1,2,AG2,
00929,광동제약,3.2,22.85,6.18,13.37,5336649,712312905.96,301191210,0,1,1,1,1,1,AG2,
00930,삼아제약,14.89,2.18,0.52,163.44,73775.47,225892529.46,5408802.56,1,1,1,1,1,0,AG2,
00931,참엔지니어링,25.12,2.77,2.91,-3.49,1712068.18,85362522.5,23154280.65,1,1,1,0,1,1,AG2,
00932,아진전자부품,7.02,41.34,3.55,24.89,598012.29,34248311.96,49139464,1,1,1,1,1,0,AG2,
00941,태영건설,5.28,33.34,24.88,6.73,32375412.78,645298006.58,1266927725,1,1,0,0,1,2,AG2,
00942,한올바이오파마,4.18,18.13,11.58,-6.89,1008031.52,162357295.31,44196443.53,0,1,0,0,1,3,AG3,score
00944,KC그린홀딩스,-0.08,12.41,4.17,-86.88,657411.46,114906513.12,21294747.35,0,1,1,0,1,2,AG2,
00945,경동나비엔,18.18,22.65,1.81,49.49,9107282.63,823085198.8,362245419.31,1,1,1,1,1,0,AG2,
00946,한창제지,2.57,43.31,29.92,-1.94,2761707.37,134435539.78,146559862.93,0,1,0,0,1,3,AG3,score
00947,삼화전기,7.99,4.45,0.39,186.18,2934889.45,125228602.11,8402707.99,1,1,1,1,1,0,AG2,
00952,포스코엠텍,3.17,0.28,0.06,1551.99,60999.56,116073355.19,429258,0,1,1,1,1,1,AG2,
00954,HD한국조선해양,18.57,3.58,0.33,206.75,2229310992,17316556685,1512483838,1,1,1,1,1,0,AG2,
00958,무림P&P,5.95,57.74,28.98,2.86,16621350.27,588720399.78,1049472098.98,1,0,0,0,1,3,AG3,score
00962,삼보산업,11.48,65.65,9.5,4.53,6958769.12,27146977.78,217077015.04,1,0,1,0,1,2,AG2,
00968,모토닉,8.57,0.11,0.03,4099.59,597894.92,471719099.6,591725.16,1,1,1,1,1,0,AG2,
00973,이렘,-8.24,43.61,-4.51,-26.81,554405.19,42482838.51,42660371.48,0,1,1,0,1,2,AG2,
00977,삼정펄프,-0.33,0.16,0.45,2094.31,23908393.22,268573739.65,487759.57,0,1,1,1,1,1,AG2,
00978,엠에스씨,20.21,19.12,1.49,55.76,671529.13,193800155.7,54354383.66,1,1,1,1,1,0,AG2,
00981,플레이그램,6.87,15.35,4.42,13.45,3632303.43,187628013.73,45160815.51,1,1,1,1,1,0,AG2,
00983,한화솔루션,7.92,45.94,36.45,1.19,150325000,11997732000,16046582000,1,1,0,0,1,2,AG2,
00990,명신산업,8.8,26.52,2.59,40.81,12516505.49,818845764.51,404948858.18,1,1,1,1,1,0,AG2,
00997,영원무역홀딩스,17.67,7.15,0.56,166.23,5143801.68,5466237089.42,516527719.89,1,1,1,1,1,0,AG2,
01004,한국내화,2.34,11.96,2.41,-24.13,662328.28,178395706.52,33979092.29,0,1,1,0,1,2,AG2,
01006,OCI홀딩스,8.6,24.42,10.44,4.95,32767019,4895595650,2002127051,1,1,0,0,1,2,AG2,
01010,한국무브넥스,4.73,21.99,3.19,30.5,3279435.38,452859271.46,248236206.05,0,1,1,1,1,1,AG2,
01013,고려아연,13.95,29.98,3.74,20.72,245797601.94,11459197821.38,6445039705.96,1,1,1,1,1,0,AG2,
01014,삼성중공업,11.72,8.79,2.01,28.03,356049069.91,4455492782.21,1457062996.7,1,1,1,1,1,0,AG2,
01017,대한광통신,-7.43,35.63,-7.06,-19.12,1672036.74,115997400.05,89557892.29,0,1,1,0,1,2,AG2,
01024,흥국,14.87,0.63,0.05,682.2,1439709.49,122789866.07,930523.83,1,1,1,1,1,0,AG2,
01028,아이티센엔텍,5.18,14.04,1.24,91.56,647711.15,109752933.19,42836604,1,1,1,1,1,0,AG2,
01040,우진아이엔에스,-3.98,0.85,0.12,1096.14,364810.86,77907719.04,891399.29,0,1,1,1,1,1,AG2,
01047,오리콤,8.52,0.96,0.21,539.19,57804.41,130184728.01,2326679.51,1,1,1,1,1,0,AG2,
01058,에스엠벡셀,3.96,4.26,0.88,104.9,94960.49,70572050.26,4244496.48,0,1,1,1,1,1,AG2,
01064,진양폴리,5.46,39.97,10.77,10.02,17753.28,43989075.59,36406387.5,1,1,0,1,1,1,AG2,
01066,화천기계,2.57,1.73,0.45,649.04,21550.68,142577612.91,3160833.91,0,1,1,1,1,1,AG2,
01069,화신,6.92,43.14,4.26,21.62,14532867.66,604893818.35,752437087.11,1,1,1,1,1,0,AG2,
01077,평화홀딩스,6.94,35.93,3.98,28.56,3697146.57,178030970.65,223471915.78,1,1,1,1,1,0,AG2,
01078,아이에스동서,29.48,39.85,12.62,-1.68,22522961.54,1565472558.02,1379322494.13,1,1,0,0,1,2,AG2,
01082,퍼스텍,3.92,0.13,0.03,2936.75,1112443.64,82704569.37,495633.48,0,1,1,1,1,1,AG2,
01096,삼호개발,1.89,2.93,0.77,224.34,166250.69,239650336.93,10523147.31,0,1,1,1,1,1,AG2,
01100,진원생명과학,-78.87,26.01,-1.28,-112.03,211984.76,51154837.72,34151977.06,0,1,1,0,1,2,AG2,
01104,경동제약,7.17,8.26,2.06,49.83,984235.32,229596001.69,25536320.26,1,1,1,1,1,0,AG2,
01107,LG이노텍,9.66,18.58,1.14,67.88,38502000,6080881000,2196819000,1,1,1,1,1,0,AG2,
01109,에넥스,-6.15,25.81,-15.97,-11.62,304946.97,38151782.6,30616839.32,0,1,1,0,1,2,AG2,
01115,CJ씨푸드,0.12,24.25,6.42,24.39,1482588.68,87368367,43461180.18,0,1,1,1,1,1,AG2,
01117,롯데케미칼,8.27,32.39,32.56,-12.26,217282040.92,18120829674.55,10331703542.65,1,1,0,0,1,2,AG2,
01120,HMM,22.04,15.86,2.01,62.63,81034000,27780731000,5722513000,1,1,1,1,1,0,AG2,
01121,현대위아,5.55,17.64,2.63,26.21,11005000,4147147000,1273562000,1,1,1,1,1,0,AG2,
01123,삼화전자,-26.31,40.96,-5.19,-23.2,292381.87,22343267.17,31511565,0,1,1,0,1,2,AG2,
01128,태림포장,2.59,41.02,10.33,8.18,2880776,318507455,285998329,0,1,0,0,1,3,AG3,score
01130,우성머티리얼스,-25.25,47.63,-12.73,-15.57,880013.44,30613447.88,47088450.36,0,1,1,0,1,2,AG2,
01132,유니크,8.02,25.24,2.31,40.23,614820.17,141030821.4,80506566,1,1,1,1,1,0,AG2,
01133,유니켐,0.97,35.52,,,1961833.47,126319829.6,82385264.72,0,1,,,1,,AG3,재무정보 미제공
01137,서한,6.41,39.84,9.15,4.03,4933724.64,531026773.41,500693391.23,1,1,1,0,1,1,AG2,
01139,부산산업,7.83,33.55,23.12,0.97,1058974.57,166321900.63,108724707.71,1,1,0,0,1,2,AG2,
01142,갤럭시아에스엠,8.15,2.7,0.35,360.63,21594.91,67329318.08,2020344.68,1,1,1,1,1,0,AG2,
01150,한농화성,10.18,14.44,2.06,45.1,281134.85,177086503.57,35690471.82,1,1,1,1,1,0,AG2,
01156,세보엠이씨,7.35,2.65,0.23,429.92,159284.19,284694898.62,12231270,1,1,1,1,1,0,AG2,
01169,와이투솔루션,2.16,19.14,,,2509203.08,99134725.51,35041494.76,0,1,,,1,,AG3,재무정보 미제공
01170,한신기계,-18.62,19.53,-43.9,2.55,1617872.13,85339129.5,22789416.44,0,1,1,0,1,2,AG2,
01176,현대코퍼레이션,2.46,37.39,5.62,14.77,20933803.61,723875663.04,1040010894.64,0,1,1,1,1,1,AG2,
01178,금호석유화학,7.89,10.47,1.71,62.3,17188585.34,6417091939.41,917773625.82,1,1,1,1,1,0,AG2,
0117P,피스피스스튜디오,14.44,15.76,,,184282.36,116047683.81,22835362.25,1,1,,,1,,AG3,재무정보 미제공
01181,STX,-14.07,73.7,-5.78,-49.52,21400000,-93807000,321778000,0,0,1,0,1,3,AG3,score
01193,신성이엔지,0.68,35.04,15.92,2.06,2840316.31,226727094.17,228869638,0,1,0,0,1,3,AG3,score
01203,DB,11.83,33.92,7.82,15.06,7372168.5,495651769.52,349182226.67,1,1,1,1,1,0,AG2,
0120G,삼양바이오팜,4.45,25.49,,,1232855.67,237295987.36,90073600.67,0,1,,,1,,AG3,재무정보 미제공
01216,영흥,1.96,34.64,679.18,-27.77,2248643.75,163843905.28,134967336.38,0,1,0,0,1,3,AG3,score
01217,아센디오,-14.81,1.54,-0.11,-2418.13,7168.47,18533925.57,340724,0,1,1,0,1,2,AG2,
01220,계양전기,-1.41,42.3,-4.01,-43.37,1335311.62,22304464.33,99552372.02,0,1,1,0,1,2,AG2,
01221,삼미금속,12.11,36.71,11.57,,673852.81,94068405.66,74404019.04,1,1,0,,1,,AG3,재무정보 미제공
01228,영화금속,5.51,35,3.66,18.03,983214.48,82288077.57,82108442.71,1,1,1,1,1,0,AG2,
01232,경동인베스트,9.98,4.95,0.84,105.91,267653.63,500968912.51,30921549.46,1,1,1,1,1,0,AG2,
01233,현대모비스,7.23,5.16,0.81,133.82,87058000,50647933000,3813207000,1,1,1,1,1,0,AG2,
01234,뉴인텍,0.11,31.52,-27.68,-23.42,430758.21,16883548.56,23762909.41,0,1,1,0,1,2,AG2,
01251,더존비즈온,38.13,25.98,1.8,43.34,3588010.21,630745857.69,298274651.32,1,1,1,1,1,0,AG2,
01261,경인양행,11.63,40.78,5.22,15.32,2217517.36,267652895.27,224225175.82,1,1,1,1,1,0,AG2,
01262,원일특강,3.28,27.52,5.34,14.57,1132905.13,167040302.8,80222084,0,1,1,1,1,1,AG2,
01269,모나리자,4.94,0.72,0.14,785.67,8966.18,85935607.55,752342.99,0,1,1,1,1,1,AG2,
0126Z,삼성에피스홀딩스,42.07,9.23,,,55312322.52,6006288371.58,743201458.34,1,1,,,1,,AG3,재무정보 미제공
01270,리드코프,2.74,57.05,49.31,4,1082549.03,459443061.2,659434312.76,0,0,0,0,1,4,AG3,score
01275,에스원,9.59,2.31,0.14,630.02,615822.62,1672151106.39,56292874.92,1,1,1,1,1,0,AG2,
01279,신일제약,6.37,0.15,0.02,4023.34,55611.3,153785824.97,248640.45,1,1,1,1,1,0,AG2,
01280,대창,6.04,51.03,7.83,2.67,34076769.47,324017724.46,493404046.85,1,0,1,0,1,2,AG2,
01286,모베이스전자,6.58,33.58,3.93,21.54,7375836.04,258412333.13,278428167.61,1,1,1,1,1,0,AG2,
01300,세우글로벌,8.62,0.01,0.01,18308.04,31447.61,55867812.22,3012.07,1,1,1,1,1,0,AG2,
01303,하이록코리아,28.97,0,,,101395.17,462986953.23,,1,1,,,1,,AG3,재무정보 미제공
01312,동원개발,8.19,17.56,12.24,15.52,127659.43,1053263409.87,261261897,1,1,0,1,1,1,AG2,
01331,아진산업,17.56,61.9,6.82,12.58,10835503.13,370407149.17,992892687.76,1,0,1,1,1,1,AG2,
01336,일성건설,3.26,33.89,7.52,6.86,3964051.32,73307286.81,132869465.67,0,1,1,0,1,2,AG2,
01352,화승코퍼레이션,8.97,38.5,3.91,27.37,12124210.93,441192611.79,486495381.43,1,1,1,1,1,0,AG2,
01357,디와이,5.48,18.11,2.4,33.83,5741799.27,619886729.28,198272487.31,1,1,1,1,1,0,AG2,
01358,계룡건설,7.31,38.6,6.14,11.43,5817176.12,1005479735.78,1240908793.41,1,1,1,1,1,0,AG2,
01370,까뮤이앤씨,11.23,29.91,3.4,23.94,1814180.64,118936496.66,89940231.04,1,1,1,1,1,0,AG2,
01372,THE CUBE&,-0.24,32.74,15.89,-41.68,2932388,57719551.44,31318916.15,0,1,0,0,1,3,AG3,score
01387,지엠비코리아,5.86,33.66,4.12,19.83,2055659.01,305617668.13,240074064.68,1,1,1,1,1,0,AG2,
01389,지누스,-21.56,26.85,3.52,11.79,17240161.9,651982249.67,288743370,0,1,1,1,1,1,AG2,
01399,아가방컴퍼니,4.41,1.74,0.2,408.06,1036510.51,171129362.05,3936600,0,1,1,1,1,1,AG2,
01410,메디앙스,12.61,18.61,15.5,12.42,188066.33,70484717.29,20995241.38,1,1,0,1,1,1,AG2,
01413,한익스프레스,3.82,64.83,9.02,7.32,4424748.44,82693060.13,260676490.49,0,0,1,0,1,3,AG3,score
01416,대영포장,0.08,13.66,4.94,25.86,582605.5,190109333.37,35857660.95,0,1,1,1,1,1,AG2,
01419,원익큐브,4.09,12.26,2.91,26.09,1476083.84,111878776.4,19624740.99,0,1,1,1,1,1,AG2,
01428,금강공업,13.55,44.51,6.81,5.58,5693754.58,512768648.24,553622056.16,1,1,1,0,1,1,AG2,
01444,영보화학,19.66,0.13,0.01,12204.14,1781.19,190886790.11,267393.26,1,1,1,1,1,0,AG2,
01447,부방,2.85,3.66,1.29,36.23,695334.44,173073745.71,9047423.89,0,1,1,1,1,1,AG2,
01453,극동유화,3.15,48.75,9.92,4.55,2936836.99,229278856.46,256281942.02,0,1,1,0,1,2,AG2,
01457,고려제약,12.48,0.09,0.01,11735.63,11158.92,82305621.31,83066.37,1,1,1,1,1,0,AG2,
01458,태경비케이,13.35,19.04,2.41,61.85,2003335.75,425139151.22,123650090,1,1,1,1,1,0,AG2,
01462,성광벤드,12.87,0.34,0.05,1849.77,10010.96,552533046.98,2000000,1,1,1,1,1,0,AG2,
01468,한솔케미칼,25.93,17.43,1.37,63.96,2626760,1200461912.8,295510017.56,1,1,1,1,1,0,AG2,
01471,사조씨푸드,6.13,39.52,11.1,-17.4,1261357.65,201454483.6,172563000,1,1,0,0,1,2,AG2,
01479,HL D&I,6.08,43.47,7.49,4.74,13492040,574615148.54,900259186.66,1,1,1,0,1,1,AG2,
01482,동원시스템즈,10.79,29.55,2.97,31.22,4503574.39,879079942.13,472865115.47,1,1,1,1,1,0,AG2,
01483,유니드,10.93,20.3,2.35,46.71,5987036.73,1158109965.5,347814335.13,1,1,1,1,1,0,AG2,
01491,성문전자,8.21,32.03,7.58,15.3,240622.62,48316671.79,28945601.1,1,1,1,1,1,0,AG2,
01494,오리엔탈정공,14.78,16.54,1.55,47.76,398184.04,131613523.31,40030319.19,1,1,1,1,1,0,AG2,
01495,삼익제약,8.12,3.47,0.95,,27028.45,70028044.63,3013284.08,1,1,1,,1,,AG3,재무정보 미제공
01497,삼륭물산,4.81,29.63,3.64,21.8,694713.32,55803353.38,29858639.68,0,1,1,1,1,1,AG2,
01499,인디에프,9.81,41.84,4.7,17.85,750029.37,37840996.44,47780997.02,1,1,1,1,1,0,AG2,
01502,이스타코,-2.1,39.59,39.51,-0.54,539612.92,36814219.93,33297711.1,0,1,0,0,1,3,AG3,score
01523,대창단조,13.63,2.06,0.19,428.75,1685333.25,333508215.03,8720178.39,1,1,1,1,1,0,AG2,
01526,에이엔피,-3,55.42,-12.68,-24.44,926441.77,18745934.67,54648071.8,0,0,1,0,1,3,AG3,score
01536,INVENI,15.24,23.09,1.93,49.43,6078161,683528608,383622971,1,1,1,1,1,0,AG2,
01559,DKME,9.23,18.03,3.08,6.59,363146.28,130239813.1,35870780.22,1,1,1,0,1,1,AG2,
01571,코콤,-1.57,0.22,0.15,2233.81,685568.12,128185004.66,331038,0,1,1,1,1,1,AG2,
01575,성우하이텍,11.46,38.7,4,22.4,23539001.64,2135167541.26,1989635316,1,1,1,1,1,0,AG2,
01576,한국전력,29.32,50.96,4.87,16.69,2078485000,51410075000,131378271000,1,0,1,1,1,1,AG2,
01586,일진홀딩스,10.68,12.39,0.96,60.64,24952682.11,1197362515.98,306289757.99,1,1,1,1,1,0,AG2,
01589,태경산업,11.17,24.33,3.17,35.39,3268386.92,596473054.9,245658534.4,1,1,1,1,1,0,AG2,
01609,대현,8.32,1.15,0.21,664.24,33417.23,277527166.55,3613451.5,1,1,1,1,1,0,AG2,
01610,리더스코스메틱,-10,29.76,-6.14,-19.25,263637.7,61535858.23,30593528.43,0,1,1,0,1,2,AG2,
01636,삼성증권,8.69,12.9,7.13,12.07,,8167821093.36,12008645723,1,1,1,1,,,AG3,재무정보 미제공
01638,KG스틸,4.22,22.42,3.06,23.24,28832665.85,2068067806.52,747547404.16,0,1,1,1,1,1,AG2,
01645,한세예스24홀딩스,5.46,47.87,8.73,6,15702392.89,935028698.84,1474047095.56,1,1,1,0,1,1,AG2,
01658,환인제약,16.63,0.12,0.03,4293.8,129695.27,424142474.02,579145.77,1,1,1,1,1,0,AG2,
01659,신대양제지,6.72,9.98,1.74,61.3,2787954.69,722375964.89,93210011.88,1,1,1,1,1,0,AG2,
01660,큐캐피탈,10.21,19.86,8.13,10.21,,141281482.83,36420000,1,1,1,1,,,AG3,재무정보 미제공
01661,DB증권,3.11,21.61,22.04,4.67,,1260353694,3127702845,0,1,0,0,,,AG3,재무정보 미제공
01667,디모아,49.04,2.32,0.84,436.5,1950500.74,93764349.71,3465353.15,1,1,1,1,1,0,AG2,
01671,대성홀딩스,7.86,15.2,3.07,29.79,1903054.32,630787048,190376530.73,1,1,1,1,1,0,AG2,
01674,두올,6.47,15.95,1.43,58.91,4831680.86,285146708.85,90105199.07,1,1,1,1,1,0,AG2,
01679,현대사료,2.41,16.05,7.48,,412930.8,70087109.57,17075792.88,0,1,1,,1,,AG3,재무정보 미제공
01680,퍼시스,1.11,1.08,0.68,855.51,4225047.31,598293786.55,7277100,0,1,1,1,1,1,AG2,
01688,웅진,17.39,24.7,8.42,21.84,20405870.27,322835140.79,1340929745.25,1,1,1,1,1,0,AG2,
01692,카스,2.83,34.57,10.44,2.9,667740.92,70394258.07,58825935.77,0,1,0,0,1,3,AG3,score
01700,신원종합개발,7.47,17.15,3.62,17.37,143139.05,114928574.56,39059118.37,1,1,1,1,1,0,AG2,
01704,광명전기,-20.43,26.18,-4.07,-200.4,370868.81,-2059079.77,33040000,0,1,1,0,1,2,AG2,
01718,명문제약,2.63,35.68,7.53,8.02,1294284.77,103403370.74,97741968.66,0,1,1,0,1,2,AG2,
01725,인터엠,3.75,26.72,4.3,15.14,264782.58,41864043.99,23362954.35,0,1,1,1,1,1,AG2,
01737,우신시스템,3.35,37.19,6.77,14.17,3516085.48,176056455.45,156810712.99,0,1,1,1,1,1,AG2,
01739,서울가스,4.15,2.79,0.95,128.29,680118.22,1136961940.08,53248546.36,0,1,1,1,1,1,AG2,
01748,삼현철강,3.33,0,,,4407.2,194254677.28,,0,1,,,1,,AG3,재무정보 미제공
01751,세명전기,42.44,0,,,782724.92,89616709.31,,1,1,,,1,,AG3,재무정보 미제공
01755,수산세보틱스,9.61,18.3,2.15,54.79,637105.56,203994412.23,53050039.52,1,1,1,1,1,0,AG2,
01765,대림제지,7.19,0.15,0.04,799.68,16172.6,282957468.54,481764.23,1,1,1,1,1,0,AG2,
01767,SK텔레콤,32.24,34.33,2.3,36.26,106891000,13347617000,10305942000,1,1,1,1,1,0,AG2,
01780,현대엘리베이터,10.78,29.33,3.91,32.12,19378544.76,1044447993.03,1098990507,1,1,1,1,1,0,AG2,
01781,풀무원,7.34,52.54,4.7,15.1,15717838.03,614167261.4,1254175618.14,1,0,1,1,1,1,AG2,
01786,DS단석,3.4,58.59,20.43,0.05,10724570.24,269332041.71,486924280.65,0,0,0,0,1,4,AG3,score
01789,한국알콜,13.69,4.9,0.68,164.91,991233.91,608467307.23,35309985.79,1,1,1,1,1,0,AG2,
01790,광전자,5.23,0.08,0.04,5176.74,163229.78,242810854.16,212080.96,1,1,1,1,1,0,AG2,
01794,E1,-3.08,37.65,14.6,3.88,33108731.93,2653832874.73,7536715791.94,0,1,0,0,1,3,AG3,score
01796,한국카본,23.4,12.43,0.72,137.14,52603477.83,580592587.5,135562141.46,1,1,1,1,1,0,AG2,
01800,유니슨,-40.15,44.44,-19.44,-14.27,2342447.43,103147002.54,111354874.53,0,1,1,0,1,2,AG2,
01812,진로발효,17.37,0,,68472.75,45621.54,88726273.49,,1,1,,1,1,,AG3,재무정보 미제공
01825,애경산업,1.73,1.15,0.19,710.31,85487.72,408056748.85,5987952.35,0,1,1,1,1,1,AG2,
01826,삼성에스디에스,7.27,6.16,0.6,144.86,37336366.28,10246366356.4,843430479.04,1,1,1,1,1,0,AG2,
01829,브이티,16.7,8.88,0.42,145.37,3261849.85,271815404.48,32701878,1,1,1,1,1,0,AG2,
01831,삼목에스폼,17.9,1.97,0.21,587.18,167515.51,651124604.38,15258958.63,1,1,1,1,1,0,AG2,
01847,조일알미늄,9.84,42.07,8.36,8.67,2234382.71,219595767.34,184435572.18,1,1,1,0,1,1,AG2,
01850,동원금속,12.85,40.03,2.43,40.94,3195297.1,158533092.51,237261756.51,1,1,1,1,1,0,AG2,
01862,우진비앤지,12.2,27.53,6.14,1.07,779303.9,63827180.4,29561705.08,1,1,1,0,1,1,AG2,
01867,SK가스,11.3,48.78,5.65,12.69,451278635.92,3363483303.05,4600392240.49,1,1,1,1,1,0,AG2,
01868,서울제약,4,24.34,13.12,20.43,153043.98,40857937.8,17222585.53,0,1,0,1,1,2,AG2,
01870,졸스,-10.04,5.06,-0.45,-240.35,110734.9,25606774.97,1881661,0,1,1,0,1,2,AG2,
01888,한온시스템,10.33,34.86,3.81,12.93,113049487.53,4115884994.39,3796885024.81,1,1,1,1,1,0,AG2,
01901,베뉴지,31.89,22.17,8.6,81.02,6088048.19,499133787.46,172138191.9,1,1,1,1,1,0,AG2,
01917,신풍제약,4.45,14.66,2.18,35.82,1747961.25,292260025.75,54509288.13,0,1,1,1,1,1,AG2,
01918,티에이치엔,8.19,16.38,1.02,89.12,2009247.48,247973046.46,105489358.98,1,1,1,1,1,0,AG2,
01949,엑시큐어하이트론,-107.82,13,7.01,-346.01,352527.94,12700910.99,5240122.67,0,1,1,0,1,2,AG2,
01954,일지테크,12.49,37.6,2.23,45.72,2526430.08,209627022.59,249655703.16,1,1,1,1,1,0,AG2,
01955,SBI인베스트먼트,64.6,0,,,,151921221.42,,1,1,,,,,AG3,재무정보 미제공
01957,플루토스,-89.09,17.46,12.6,4.54,6623,38094374.86,11831856,0,1,0,0,1,3,AG3,score
01966,글로본,-24.87,38.84,-1.76,-134.71,313548.33,10036321.49,7646905.86,0,1,1,0,1,2,AG2,
01968,대교,3.97,26.36,5.25,-2.62,3516141.32,270499308.12,155687018.98,0,1,1,0,1,2,AG2,
01977,서연탑메탈,7.13,4.54,0.56,86.22,54668.08,102967678.28,8110199.32,1,1,1,1,1,0,AG2,
01999,에너토크,6.86,6.15,-1.02,-180.59,137450.94,37349612.08,2821540,1,1,1,0,1,1,AG2,
02000,한섬,13.2,2.62,0.33,193.58,879680,1447983916,45098180,1,1,1,1,1,0,AG2,
02012,키다리스튜디오,11.19,10.37,1.42,54.92,932140.53,208950362.86,36303860,1,1,1,1,1,0,AG2,
02015,롯데에너지머티리얼즈,12.22,9.43,-22.53,-7.95,4372316.56,1859155500.42,214339480.78,1,1,1,0,1,1,AG2,
02018,대신정보통신,13.06,28.92,2.18,35.86,317312.33,52241060.58,45402007,1,1,1,1,1,0,AG2,
02040,대동금속,1.21,28.87,6.68,10.62,260538.47,42437289.87,29769229.28,0,1,1,1,1,1,AG2,
02056,아시아나항공,11.83,51.65,11.67,4.89,82031342.24,568005191.91,6482591359.1,1,0,0,0,1,3,AG3,score
02071,시공테크,-9.4,0,0.47,377.11,311155.58,176906280.02,8388100,0,1,1,1,1,1,AG2,
02076,일진디스플,-1.17,30.79,-7.8,-15.24,721880.77,33833578.43,19381384.63,0,1,1,0,1,2,AG2,
02104,대호특수강,2.07,47.12,11.53,4.08,1285607.57,37951841.78,81113825.76,0,1,0,0,1,3,AG3,score
02105,서원,6.04,55.61,8.49,3.88,37753400.5,356079830.94,643639315.93,1,0,1,0,1,2,AG2,
02108,에이티넘인베스트,54.48,0,,,27347,201417368.46,,1,1,,,1,,AG3,재무정보 미제공
02124,코웨이,26.51,35.06,2.04,49.74,21759468.18,3686742102.89,2713810543.94,1,1,1,1,1,0,AG2,
02132,KCC건설,6.46,25.99,4.38,11.99,6209751.13,564188058.97,386258805.39,1,1,1,1,1,0,AG2,
02165,한국큐빅,6.66,13.74,1.58,51.93,188749.64,98894800.88,22857154.72,1,1,1,1,1,0,AG2,
02182,세원정공,3.98,0.35,0.1,3648.34,-561477.41,770450028.9,3000000,0,1,1,1,1,1,AG2,
02188,메이슨캐피탈,8.11,8.74,3.2,10.29,,81870027.11,8500000,1,1,1,1,,,AG3,재무정보 미제공
02210,포스코DX,2.91,0.26,0.04,1759.86,973835.82,560440579.75,2099581,0,1,1,1,1,1,AG2,
02222,티케이지애강,-13.6,26.55,-4.48,-21.94,303126.47,84053488.16,36742751,0,1,1,0,1,2,AG2,
02300,삼원강재,4.96,0,,,31950.61,257437684.2,,0,1,,,1,,AG3,재무정보 미제공
02315,MH에탄올,8.13,25.96,3.4,-3.96,583810.35,62945815.97,65036636,1,1,1,0,1,1,AG2,
02316,태광,15.35,0.62,0.09,2054.19,7309548.1,693520245.2,4805096.1,1,1,1,1,1,0,AG2,
02335,한국종합기술,4.78,9.26,3.31,,274764.31,174884848.77,41263825.06,0,1,1,,1,,AG3,재무정보 미제공
02341,유진기업,5.89,48.05,17.61,5.05,221825439.6,1100966772.44,1504452033,1,1,0,0,1,2,AG2,
02344,제이스코홀딩스,-8.92,38.29,-7.34,-73.7,3147327.7,51560684.01,42468061.17,0,1,1,0,1,2,AG2,
02345,동남합성,9.53,24.62,1.62,46.34,440632.87,55251872.93,26785200,1,1,1,1,1,0,AG2,
02353,롯데쇼핑,14.46,36.9,8.28,8.77,215724295.74,17051095410.73,14219750614.95,1,1,1,0,1,1,AG2,
02359,다우기술,6.95,36.7,18.13,4.84,4886229.06,7812309679.94,35175631986.1,1,1,0,0,1,2,AG2,
02360,삼보판지,9.09,12.13,1.94,55.99,592719.79,673339776.27,104704245.39,1,1,1,1,1,0,AG2,
02376,한국캐피탈,22.36,78.24,31.29,2.74,,762599161.86,4104057368,1,0,0,0,,,AG3,재무정보 미제공
02377,플레이위드,-10.21,11.65,2.02,91.55,340801.14,18527339.95,3516364.07,0,1,1,1,1,1,AG2,
02379,동일스틸럭스,-4.96,52.57,-19.08,-14.23,965298.73,17651800.97,38672120.39,0,0,1,0,1,3,AG3,score
02380,인지컨트롤스,11.46,40.49,3.55,18.42,2565101.78,246521218.2,286433880.17,1,1,1,1,1,0,AG2,
02381,인팩,7.04,49.61,7.99,14.25,3877677.85,175514205.47,349479121.54,1,1,1,1,1,0,AG2,
02390,풍국주정,14.47,3.91,0.35,249.43,13823.33,198751438.67,9000000,1,1,1,1,1,0,AG2,
02391,대한약품,20.8,0.01,0,84268.07,154937.27,301159390.86,48395.52,1,1,1,1,1,0,AG2,
02396,에쓰씨엔지니어링,-6.46,42.14,-16.35,-8.92,1069830.43,44501642.84,51607140.28,0,1,1,0,1,2,AG2,
02406,흥구석유,2.07,8.49,17.32,13.69,68629.04,84251262.59,8208880,0,1,0,1,1,2,AG2,
02407,WISCOM,-3.14,0,,-84.36,204563.54,87811074.2,,0,1,,0,1,,AG3,재무정보 미제공
02409,디씨엠,4.05,1.7,0.69,227.43,53096.01,257538284.19,5000000,0,1,1,1,1,1,AG2,
02411,기업은행,10.19,48.5,62.36,1.28,,37199675000,247957995000,1,1,0,0,,,AG3,재무정보 미제공
02412,KB오토시스,7.31,40.47,5.67,15.82,2935279.59,121676403.88,110368761,1,1,1,1,1,0,AG2,
02472,콜마홀딩스,6.09,25.05,7.64,19.63,7625313.82,839063689.13,323568244.23,1,1,1,1,1,0,AG2,
02474,한일단조,13.68,33.98,6.35,13.02,1648050.12,147992880.99,91234432.9,1,1,1,1,1,0,AG2,
02480,유성티엔에스,9.21,8.6,19.18,82.65,580003.84,561524711.13,56462757.39,1,1,0,1,1,1,AG2,
02483,세원물산,-3.6,0,,,1.7,396090401.1,,0,1,,,1,,AG3,재무정보 미제공
02484,KBI메탈,8.17,40.48,4.06,10.77,23756772.84,149585709.99,159459749.35,1,1,1,1,1,0,AG2,
02485,HLB이노베이션,-104.11,8.98,-0.68,-102.62,550731.92,234416277.91,24455257.73,0,1,1,0,1,2,AG2,
02488,케이피에프,6.34,33.16,5.01,13.23,5070940.47,327506187.53,225125821.02,1,1,1,1,1,0,AG2,
02489,대원화성,3.83,49.02,20.94,8.62,1174939.32,45838747.57,76107740.72,0,1,0,0,1,3,AG3,score
02490,디와이덕양,1.46,11.04,4.18,23.71,1011369.31,117851442.07,68917305.95,0,1,1,1,1,1,AG2,
02491,경창산업,6.05,45.84,6.35,3.47,2982933.51,123509031.51,228481420.58,1,1,1,0,1,1,AG2,
02494,PN풍년,5.17,0,,3842767.32,14610.73,52319737.69,,1,1,,1,1,,AG3,재무정보 미제공
02495,삼천리자전거,7.58,11.5,1.94,45.62,564185.02,174935348.98,33785580.41,1,1,1,1,1,0,AG2,
02500,KPX케미칼,6.16,11.43,1.81,90.02,7592347.92,669603048.17,102348028.37,1,1,1,1,1,0,AG2,
02532,시노펙스,9.68,19.16,2.96,49.79,384769.07,178772505.7,51576409.5,1,1,1,1,1,0,AG2,
02544,DH오토웨어,3.9,52.37,21.5,-5.89,5734322.15,63981830.61,194407357.9,0,0,0,0,1,4,AG3,score
02553,SJM홀딩스,9.79,5.78,1.29,104.73,428669.1,323769582.08,22966948.66,1,1,1,1,1,0,AG2,
02554,한국단자,13.86,4.96,0.38,173.12,661261,1186734745,82405171,1,1,1,1,1,0,AG2,
02555,한국선재,13.71,40.82,7.64,2.89,19143943.41,175287166.43,150790379.94,1,1,1,0,1,1,AG2,
02556,미래산업,24.89,7.28,0.82,105.87,259889.68,128551061.4,12180876.57,1,1,1,1,1,0,AG2,
02562,차AI헬스케어,-109.82,26.5,-4.03,-0.54,4074178.76,70709706.94,28660073.82,0,1,1,0,1,2,AG2,
02575,한솔홈데코,7.08,35.47,6.37,-10.83,1014983.35,100291683.98,81688510.19,1,1,1,0,1,1,AG2,
02577,한국정보통신,6.67,2.02,0.19,392.38,227485,331866190,11556271,1,1,1,1,1,0,AG2,
02582,이구산업,14.96,40.81,4.17,16.92,6099117.41,157203646.62,181752950.58,1,1,1,1,1,0,AG2,
02586,남해화학,1.55,24.4,1.28,52.3,9096335.33,545798675.31,220741175,0,1,1,1,1,1,AG2,
02587,신라에스지,-3.29,49.7,-251.4,-6.17,245148.87,13854512.59,23314848.46,0,1,1,0,1,2,AG2,
02588,케이씨피드,8.44,22.33,1.66,59.65,194408.16,80856675.58,26367549.53,1,1,1,1,1,0,AG2,
02589,한국주강,3.35,9.5,5.11,19.93,31016.88,33956402.9,4056301.23,0,1,1,1,1,1,AG2,
02590,동화기업,4.57,45.26,24.86,1.97,13892621.72,885071537.14,1051951980.31,0,1,0,0,1,3,AG3,score
02595,동신건설,-3.19,0.68,-1,274.18,1643.82,97088875.92,743713.74,0,1,1,1,1,1,AG2,
02598,아난티,-1.36,39.65,16.42,-2.19,11734877.42,739139684.04,623204259.58,0,1,0,0,1,3,AG3,score
02604,제이에스티나,-0.26,0.96,0.35,309.52,20268.72,45969001.17,554056.88,0,1,1,1,1,1,AG2,
02615,특수건설,9.2,23.02,-2.22,-53.16,777703.84,89542842.38,47269215,1,1,1,0,1,1,AG2,
02689,스틱인베스트먼트,31.14,13.2,1.36,125.89,70520.62,258411563.03,40939542.07,1,1,1,1,1,0,AG2,
02691,광진실업,3.16,73.85,-927.01,-1.86,736807.05,19043236.91,70499465.85,0,0,1,0,1,3,AG3,score
02694,부국철강,0.99,0,,,249,130556039.58,,0,1,,,1,,AG3,재무정보 미제공
02696,동서,8.4,0.29,0.11,3722.43,29594.63,1694821764.35,5116219.49,1,1,1,1,1,0,AG2,
02704,서울전자통신,-7.64,32.8,-11.36,-2.78,238432.62,9113970.58,11386856.1,0,1,1,0,1,2,AG2,
02705,코리아나,0.54,1.58,-1.18,-123.9,14747.09,84662165.5,1602959.98,0,1,1,0,1,2,AG2,
02736,아주IB투자,43.02,4.79,0.75,79.81,,268933014.03,16000000,1,1,1,1,,,AG3,재무정보 미제공
02741,BGF,15.56,9.87,2.52,50.35,2672265.07,2020454064.01,238675395.44,1,1,1,1,1,0,AG2,
02758,상보,-34.21,37.5,-3.97,-31.98,349127.04,40614449.58,34077242.65,0,1,1,0,1,2,AG2,
02771,팜스토리,3.5,48.32,8.57,7.67,16866349.67,328711649.24,457697904.95,0,1,1,0,1,2,AG2,
02774,마니커,-1.08,35.64,5.14,15.23,670517.51,37886538.43,55162148,0,1,1,1,1,1,AG2,
02783,대성창투,-20.53,0,,,1486.19,99323181.77,,0,1,,,1,,AG3,재무정보 미제공
02797,한국제지,2.9,27.72,12.96,-13,1805439.63,358677014.8,195452195.85,0,1,0,0,1,3,AG3,score
02805,삼성E&A,9.27,0.18,0.02,3545.63,27575414.78,4513840979.71,18066650,1,1,1,1,1,0,AG2,
02808,휴맥스홀딩스,4.99,22.86,-10.96,-13.58,9784219.05,126470294.4,112910016.37,0,1,1,0,1,2,AG2,
02810,동아지질,8.94,12.75,1.46,68.78,457847.67,225870922.64,58484295.81,1,1,1,1,1,0,AG2,
02826,삼성물산,9.55,4.63,1.11,115.42,58439494.79,70115822408.35,4864112076.46,1,1,1,1,1,0,AG2,
02830,HLB,-114.85,29.13,-2.9,-94.05,21109521.12,493870723.14,269540526.7,0,1,1,0,1,2,AG2,
02867,팬오션,9.34,41.4,4.64,18.16,81982000,6059356000,4831232000,1,1,1,1,1,0,AG2,
02946,케이씨,9.83,3.43,0.71,188.79,694162.48,1037522318.13,43579625,1,1,1,1,1,0,AG2,
02948,광무,-75.3,0.91,-0.57,267.87,27615002.59,229987954.09,2271189.82,0,1,1,1,1,1,AG2,
02953,신도리코,8.58,0.67,0.35,410.45,3573159.78,1083148909.65,7790997.82,1,1,1,1,1,0,AG2,
02978,삼성카드,17.15,64.47,25.4,3.87,,8753945000,21825216000,1,0,0,0,,,AG3,재무정보 미제공
03000,제일기획,5.85,13.38,0.69,131.24,14094712.78,1539643671.89,459288524.26,1,1,1,1,1,0,AG2,
03019,NICE평가정보,23.62,6.18,0.28,258.33,265926.69,465437402.53,39661801,1,1,1,1,1,0,AG2,
03020,KT,21.49,30.44,1.91,48.55,281038000,19993556000,13243944000,1,1,1,1,1,0,AG2,
03021,다올투자증권,1.76,15.76,30.76,4.25,,807372279.85,1662880000,0,1,0,0,,,AG3,재무정보 미제공
03035,드래곤플라이,-15.59,24.25,-2.19,-148.4,48096.25,5061246.67,3413053.09,0,1,1,0,1,2,AG2,
03052,한글과컴퓨터,22.04,9.93,1.23,74.79,1208864.1,491017739.17,72018205.32,1,1,1,1,1,0,AG2,
03053,원익홀딩스,8.17,24.33,13.33,18.55,6261984,1305623563.69,493566611.72,1,1,0,1,1,1,AG2,
03061,교보증권,4.12,16.04,13.83,6.49,,2162109360,3173410919,0,1,0,0,,,AG3,재무정보 미제공
03072,동원수산,9.97,38.08,4.79,21.72,1358593.48,60999762.86,55425158.14,1,1,1,1,1,0,AG2,
03096,양지사,22.18,8.3,78.94,26.04,132793.87,190756659.77,17930000,1,1,0,1,1,1,AG2,
03121,서울보증보험,13.3,0.41,0.08,960.08,,4985093395.88,38593412,1,1,1,1,,,AG3,재무정보 미제공
03131,아이즈비전,2.39,20.7,7.5,33.24,1953391.57,206630386.35,63678470.51,0,1,1,1,1,1,AG2,
03133,에스에이엠티,18.27,38.61,2.06,50.51,7651780.44,722446984.5,873820652.8,1,1,1,1,1,0,AG2,
03143,신세계인터내셔날,9.65,24.88,5.53,22.06,12020631.42,841492255.03,329810078.72,1,1,1,1,1,0,AG2,
03144,신세계푸드,4.46,35.94,5.12,38.2,3214156.34,358702110.21,289080237.06,0,1,1,1,1,1,AG2,
03151,오스템,10.2,25.58,2.85,45.82,383003.16,76299458.38,36543223.74,1,1,1,1,1,0,AG2,
03182,아이티센씨티에스,1.4,13.99,2.42,143.56,1737949.52,377768227.78,108708334,0,1,1,1,1,1,AG2,
03186,디에이치엑스컴퍼니,-52.7,30.66,-2,-306.07,99086.23,18352654.11,13274228.61,0,1,1,0,1,2,AG2,
03198,피에스케이홀딩스,39.04,2.17,0.17,706.18,5150053.22,510154972.31,13387051.26,1,1,1,1,1,0,AG2,
03208,아즈텍WB,-16.51,6.42,-42.26,13.46,755451.28,108260037.36,7675073.72,0,1,1,1,1,1,AG2,
03219,다우데이타,7,36.71,17.71,4.98,9366227.89,8036342597,35436941523.39,1,1,0,0,1,2,AG2,
03228,삼일,5.05,26.56,5.33,15.12,244888.04,64551905.42,27937227,1,1,1,1,1,0,AG2,
03230,한국파마,8.41,30.6,14.65,2.02,1003617.65,68934059.38,39771587,1,1,0,0,1,2,AG2,
03235,롯데관광개발,32.51,60.89,5.29,10.11,35408237.75,358473724.92,1309903342.99,1,0,1,1,1,1,AG2,
03250,케이엠더블유,-16.59,26.85,-4.94,-24.85,4569449.32,139328801.5,66255432.32,0,1,1,0,1,2,AG2,
03254,TJ미디어,0.69,20.22,5.19,27.04,228281.05,79692438.93,26110026.56,0,1,1,1,1,1,AG2,
03256,황금에스티,12.83,9.35,1.7,85.23,4891203.73,441612524.37,53261649.72,1,1,1,1,1,0,AG2,
03258,피델릭스,21.78,12.13,2.02,69.74,28229.76,50054836.66,8657428.49,1,1,1,1,1,0,AG2,
03262,GC메디아이,8.9,14.73,1.9,179.08,492816.91,159992436.91,34355835.75,1,1,1,1,1,0,AG2,
03264,LG유플러스,25.21,29.4,1.6,53.73,67542000,9050708000,5787159000,1,1,1,1,1,0,AG2,
03268,소프트센,2.8,15.53,15.17,2.4,496054.48,69755637.59,14543451.57,0,1,0,0,1,3,AG3,score
03275,삼진,7.1,0,,,214.69,113129153.01,,1,1,,,1,,AG3,재무정보 미제공
03279,엠젠솔루션,-66.37,28.53,-1.95,-92.98,551139.88,28719112.23,15865543.54,0,1,1,0,1,2,AG2,
03280,판타지오,-18.58,17.71,-3.29,-54.25,619754.38,44209305.76,16572211,0,1,1,0,1,2,AG2,
03282,우리기술,-28.32,46.71,-75.22,23.6,3648178.38,162132510.56,187515560.53,0,1,1,1,1,1,AG2,
03283,삼성생명,9.78,6.7,7.11,14.82,,83300997000,24886060000,1,1,1,1,,,AG3,재무정보 미제공
03285,비트컴퓨터,21.61,0.28,0.03,1754.13,3282.27,73654858.7,236284.73,1,1,1,1,1,0,AG2,
03286,더라미,-4.71,1.26,-0.8,-671.42,7478.62,51697081.8,690879.71,0,1,1,0,1,2,AG2,
03294,원익,9.03,14.41,5.01,22.47,738578.74,288513296.52,57005960.95,1,1,1,1,1,0,AG2,
03296,동일기연,14.09,1.01,0.48,1469.23,8582.53,65555432.76,715163.62,1,1,1,1,1,0,AG2,
03298,바이온,-142.51,47.51,-16.88,-11.67,449298.62,16325667.19,24938747.49,0,1,1,0,1,2,AG2,
03305,제이엠아이,9.35,12.49,1.39,93.52,150849.55,60427884.5,13607987.13,1,1,1,1,1,0,AG2,
03310,제룡전기,18.47,6.59,0.31,566.68,611671.23,229734230.13,18326927.65,1,1,1,1,1,0,AG2,
03313,디지틀조선,38.73,8.15,0.58,140.86,77028.56,92864434.74,8817100.25,1,1,1,1,1,0,AG2,
03316,엠케이전자,4.39,49.33,26.54,4.51,20521278.04,1019500847.61,1308030271.69,0,1,0,0,1,3,AG3,score
03317,시그네틱스,-2.57,34.43,-5.06,-19.28,822828.22,50309697.56,39338091.14,0,1,1,0,1,2,AG2,
03320,모아텍,-1.8,0.03,-0.02,-993.74,713.91,68562543.36,25597.37,0,1,1,0,1,2,AG2,
03323,인성정보,-1.8,9.24,209.25,-1.32,408902.26,86329930.72,20617962.3,0,1,0,0,1,3,AG3,score
03324,자화전자,17,26.21,1.67,80.69,7573935.9,505861329.86,223187994.04,1,1,1,1,1,0,AG2,
03325,체시스,10.5,21.2,2.01,50.45,-680157.88,47547380.43,20046982.73,1,1,1,1,1,0,AG2,
03327,유나이티드제약,19.01,2.37,0.23,358.1,1133611.16,459168054.33,13315820.13,1,1,1,1,1,0,AG2,
03329,로젠,6.79,43.22,7.99,12.69,3990430.56,409050697.53,431803432.35,1,1,1,1,1,0,AG2,
03331,엠투엔,6.14,15.22,5.92,13.83,600350.38,144496183.75,29547259.49,1,1,1,1,1,0,AG2,
03332,제이씨현시스템,5.34,3.44,0.67,135.02,1701992.58,122798235.32,5893526.97,1,1,1,1,1,0,AG2,
03334,좋은사람들,-8.12,21.49,-9.81,-58.89,374328.37,55964270.97,19681204.72,0,1,1,0,1,2,AG2,
03350,동성화인텍,13.93,2.06,0.11,506.2,162723.55,264043416.45,10076404.7,1,1,1,1,1,0,AG2,
03353,SJG세종,10.49,22.41,2.12,45.08,3640252.52,575861649.27,324093955.23,1,1,1,1,1,0,AG2,
03354,파라텍,-18.72,27.54,-3.6,-36.53,683727.89,92452872.65,48320841.73,0,1,1,0,1,2,AG2,
03356,블루콤,55.74,8.24,3.77,40.74,153097.9,170002612.38,16455299.07,1,1,1,1,1,0,AG2,
03364,네패스,28.85,47.56,2.26,38.52,3483064.23,247394137.03,335576267.37,1,1,1,1,1,0,AG2,
03378,KT&G,25.98,11.92,1.02,95.98,22018000,9327855000,1751473000,1,1,1,1,1,0,AG2,
03379,피노,8.76,0.67,0.07,23.1,5435850.48,107142133.35,1302847.86,1,1,1,1,1,0,AG2,
03383,티비씨,-1.75,0.18,0.11,3778.5,2899.73,130192474.15,239747,0,1,1,1,1,1,AG2,
03392,무학,12.59,11.1,3.46,64.02,566788.75,600539192.33,82499468.73,1,1,1,1,1,0,AG2,
03402,두산에너빌리티,9.03,24.51,4.92,12.48,646753000,12443616000,7032361000,1,1,1,1,1,0,AG2,
03412,SBS,-4.24,26.33,9.48,9.96,3937989.37,967784559.67,432319403,0,1,1,0,1,2,AG2,
03422,LG디스플레이,20.62,50.54,2.89,28.93,529626000,7773133000,13796439000,1,0,1,1,1,1,AG2,
03423,파라다이스,19.57,31.63,6.22,15.82,17133913.92,2224322091.58,1319196976,1,1,1,1,1,0,AG2,
03431,NICE,11.28,30.58,2.89,26.8,12962423.6,1398554145.02,1167001406.18,1,1,1,1,1,0,AG2,
03459,인천도시가스,3.48,3.37,0.47,208.12,164997.7,239023203.63,18315764.18,0,1,1,1,1,1,AG2,
03473,SK,15.12,33.75,6.13,21.25,4938087000,97037894000,77204796000,1,1,1,1,1,0,AG2,
03481,해성산업,7.17,32.05,5.49,2.23,21881019.47,1243236399.52,853213627,1,1,1,0,1,1,AG2,
03483,한국토지신탁,6.93,37.46,-130.17,4.42,79418.74,1042101186.85,762821098.94,1,1,1,0,1,1,AG2,
03494,조아제약,-3.98,43.72,-8.61,-11,303427.16,21619143.33,27559189.85,0,1,1,0,1,2,AG2,
03495,한국기업평가,23.79,0.61,0.03,2255.29,14305.86,111688251.71,1156532.09,1,1,1,1,1,0,AG2,
03500,HS애드,-12.3,3.05,0.33,253.55,1036965.65,196762621.91,12660943.25,0,1,1,1,1,1,AG2,
03508,그래디언트,2.02,11.89,8.44,16.06,2280241.14,713173274.01,214248287.48,0,1,1,1,1,1,AG2,
03515,백산,11.37,24.75,2.04,35.75,2669355.54,266346424.16,113725758.38,1,1,1,1,1,0,AG2,
03520,프럼파스트,-4.17,0.26,-0.28,1005.66,105569.57,36371616.27,107203.02,0,1,1,1,1,1,AG2,
03525,강원랜드,24.06,1.16,0.17,680.11,12434127.43,3781292711.09,54341816,1,1,1,1,1,0,AG2,
03529,골드앤에스,8.54,15.5,9.25,32.38,82848.89,12184590.22,3944603,1,1,1,1,1,0,AG2,
03542,NAVER,16.72,10.85,1.63,55.88,97586662.49,30930035783.91,4875118702.67,1,1,1,1,1,0,AG2,
03546,기산텔레콤,19.85,24.42,2.74,31.46,252973.56,70370083.76,33844225,1,1,1,1,1,0,AG2,
03560,KG이니시스,6.67,30.83,4.36,16.8,5577976.57,749153515.82,609573170.41,1,1,1,1,1,0,AG2,
03561,솔본,12.12,0.71,0.07,1809.87,1545282.82,320986009.64,2755687.45,1,1,1,1,1,0,AG2,
03562,바른손이앤에이,2.64,34.42,-17.72,-21.15,541708.13,58098690.56,34915143,0,1,1,0,1,2,AG2,
03572,카카오,21.33,10.65,1.83,38.36,43781755.51,15420486660.55,3067317214.63,1,1,1,1,1,0,AG2,
03576,CJ ENM,29.98,30.84,1.78,54.8,57455351.16,3433876148.32,2636183911.92,1,1,1,1,1,0,AG2,
03581,이지홀딩스,6.75,40.02,4.42,14.89,33762835.43,1146929857.13,1174733138.23,1,1,1,1,1,0,AG2,
03589,서희건설,7.21,8.17,1.14,112.48,13766962.34,1088606211.62,134521242.55,1,1,1,1,1,0,AG2,
03590,JYP Ent.,20.88,1.03,0.05,1545.9,1144529.28,630310743.12,9028178,1,1,1,1,1,0,AG2,
03600,예림당,10.87,0.29,-2.15,31881.12,3085946.56,254958935.52,810817.68,1,1,1,1,1,0,AG2,
03601,아비코전자,9.94,7.61,0.74,143.92,1139097.34,119609296.53,11768152.54,1,1,1,1,1,0,AG2,
03603,케이티알파,16.18,0.54,0.05,1543.65,36663.18,299755466.02,2547260.98,1,1,1,1,1,0,AG2,
03609,위지트,5.46,27.04,5.59,17.72,4782915.6,408670589.76,189940920.5,1,1,1,1,1,0,AG2,
03612,서울평가정보,7.42,1.44,0.07,1413.94,4130.48,32147137.24,572707.57,1,1,1,1,1,0,AG2,
03617,에이치엠넥스,10.2,13.93,7.24,,1357268.08,137752659.61,23201865.18,1,1,1,,1,,AG3,재무정보 미제공
03619,금화피에스시,3.34,4.83,0.5,128.58,240220.72,378676417.32,22684454.28,0,1,1,1,1,1,AG2,
03620,유니셈,7.9,2.83,0.58,194.95,673956.38,247328584.33,8303073.35,1,1,1,1,1,0,AG2,
03622,오상헬스케어,-9.7,14.21,24.25,9.28,3112469.78,281659922.59,48566352.11,0,1,0,0,1,3,AG3,score
03642,콘텐트리중앙,25.62,54.77,5.08,11.74,24006397.75,216461397.74,1328934477.44,1,0,1,1,1,1,AG2,
03646,한국가스공사,11.7,68.34,8.96,5.99,1094082000,11364946000,36653081000,1,0,1,0,1,2,AG2,
03648,대성미생물,2.23,34.55,6.47,15.86,194217.87,34928050.58,19811967.04,0,1,1,1,1,1,AG2,
03653,SNT홀딩스,15.99,4.59,0.44,333.93,27881435.42,2492290114.19,156708057,1,1,1,1,1,0,AG2,
03654,SFA반도체,3.3,6.76,2.04,40.21,621128.69,482209094.94,38653165.95,0,1,1,1,1,1,AG2,
03656,KZ정밀,11.35,4.04,2.42,56.61,548872.41,616824859.55,32132963,1,1,1,1,1,0,AG2,
03658,팜스코,4.93,63.1,6.23,7.94,25712181.86,211379970.81,670712214.83,0,0,1,0,1,3,AG3,score
03662,감성코퍼레이션,18.85,7.28,0.26,388.12,705088.6,140743417.35,13793198.8,1,1,1,1,1,0,AG2,
03663,세종텔레콤,4.64,27.12,10.69,22.93,1076602.17,167364825.01,98745814.57,0,1,0,1,1,2,AG2,
03664,HRS,16.62,0.25,0.03,3368.53,40592.21,129650168.54,396712,1,1,1,1,1,0,AG2,
03667,삼양케이씨아이,6.95,0.16,0.02,1703.46,425611.34,125173278.67,236981,1,1,1,1,1,0,AG2,
03669,코맥스,17.44,22.35,-2.83,-40.5,2057832.93,33013824.87,22289896.16,1,1,1,0,1,1,AG2,
03671,심텍홀딩스,6.99,45.6,6.55,2.37,41450713.44,375006515.24,762308043.59,1,1,1,0,1,1,AG2,
03680,나이스정보통신,7.36,1.55,0.23,361.85,5583881.78,452595458.1,19978839.84,1,1,1,1,1,0,AG2,
03681,에프에스티,11.32,42.43,10.3,3.42,2043593.42,264415571.36,234229671.02,1,1,0,0,1,2,AG2,
03683,솔브레인홀딩스,8.65,8.68,4.04,214.3,4471870.36,1998707439.44,235606241.84,1,1,1,1,1,0,AG2,
03689,진성티이씨,12.11,19.92,1.67,49.32,4067235.55,312219926.77,109105920.38,1,1,1,1,1,0,AG2,
03693,주성엔지니어링,-3.26,5.7,5,52.85,904916.92,586820876.75,49736298.87,0,1,1,1,1,1,AG2,
03703,파워넷,5.26,28.67,5.53,16.72,4817878.44,333769786.57,172307642.93,1,1,1,1,1,0,AG2,
03707,파세코,-8.73,5.35,1.01,74.2,217391.25,79531762.59,6053859.52,0,1,1,1,1,1,AG2,
03723,한국팩키지,4.56,30.59,4.8,15.2,670395.21,110578067.88,67715780.11,0,1,1,1,1,1,AG2,
03727,YG PLUS,9.85,1.2,0.2,536.55,282544.02,198835225.53,3640455.09,1,1,1,1,1,0,AG2,
03733,인지디스플레,5.36,35.5,4.11,21.51,4891754.22,216030376.88,177709241.34,1,1,1,1,1,0,AG2,
03735,성도이엔지,6.1,13.33,1.46,40.68,2375878.22,291047933.98,89566508.92,1,1,1,1,1,0,AG2,
03737,EG,2.58,72.4,32.98,-1.9,1669136.25,20890842.23,111044390.1,0,0,0,0,1,4,AG3,score
03740,우리엔터프라이즈,0.77,14.55,6.14,12.63,1418261.51,335120485.92,140434161.43,0,1,1,1,1,1,AG2,
03744,희림,5.1,15.72,2.19,42.02,623000.87,87975581.67,32807711.56,1,1,1,1,1,0,AG2,
03746,삼지전자,17.63,35.01,1.98,52.26,31568948.72,976952619.65,946760883.66,1,1,1,1,1,0,AG2,
03756,LG헬로비전,12.04,44.92,4.6,18.22,5124248.12,455678794.01,552387258.27,1,1,1,1,1,0,AG2,
03771,광주신세계,44.8,21.95,3.47,25.7,955898.93,860310411.4,279823170.93,1,1,1,1,1,0,AG2,
03776,쎄니트,1.1,47.7,19.77,1.37,1252994.55,96262860.51,107134161.75,0,1,0,0,1,3,AG3,score
03795,엘컴텍,8.32,3.99,0.61,161.05,41005.51,76135226.48,3601892,1,1,1,1,1,0,AG2,
03801,제일테크노스,8.1,2.39,0.39,233.88,300574.33,145269618.91,4170737.53,1,1,1,1,1,0,AG2,
03806,루멘스,4.76,0.7,-0.91,-30.04,73524.86,109671424.75,1062841,0,1,1,0,1,2,AG2,
03807,서린바이오,2.43,9.95,6.2,25.37,393498.26,85340413.46,11884712.39,0,1,1,1,1,1,AG2,
03811,에코플라스틱,4.58,47.53,8.31,9.99,15851123,365228461,850187059,0,1,1,0,1,2,AG2,
03829,마크로젠,-1.12,27.2,4.99,22.36,988832.99,167372483.13,100149946.04,0,1,1,1,1,1,AG2,
03839,레드캡투어,52.03,56.5,2.19,43.6,4421415.32,203882120.3,410735730.66,1,0,1,1,1,1,AG2,
03846,바이오스마트,8.01,24.39,2.27,27.37,843614.78,194897084.89,77670478.23,1,1,1,1,1,0,AG2,
03850,삼표시멘트,17.95,34.87,3.04,25.54,5748762.18,775773039.2,496772587.79,1,1,1,1,1,0,AG2,
03853,케이바이오랩스,-3.59,0.68,0.62,-187.52,243446.15,104465999.35,814399,0,1,1,0,1,2,AG2,
03854,상상인,13.88,10.81,-23.82,-16.56,509533.55,474127459.77,558474763.36,1,1,1,0,1,1,AG2,
03862,위즈코프,5.01,1.73,0.35,306.99,354428.11,101918958.2,2086573,1,1,1,1,1,0,AG2,
03868,에스넷,1.17,8.03,1.33,52.13,388365.96,115076751.94,19375567.04,0,1,1,1,1,1,AG2,
03887,에코심플렉스,-22.34,15.86,-15.5,-27.49,153383.46,73380956.54,16796083.92,0,1,1,0,1,2,AG2,
03888,아이에이,4.3,30.66,-15.2,-81.46,1702687.75,57549965.31,47121004.76,0,1,1,0,1,2,AG2,
03895,파인디지털,-8.39,0.85,-0.34,106.55,10522.43,95252942.05,889945,0,1,1,1,1,1,AG2,
03901,현대에이치티,-1.42,2.84,,,2531138.76,102565561.01,3882238,0,1,,,1,,AG3,재무정보 미제공
03902,이건홀딩스,7.94,32.7,14.26,2.7,3784982.18,361885899.63,246514230.67,1,1,0,0,1,2,AG2,
03903,이오테크닉스,27.13,0.88,0.07,992.53,3112585.69,706854969.35,7053705.29,1,1,1,1,1,0,AG2,
03913,하나투어,13.2,16.54,1.29,68.79,671311.36,158589981.17,110851672.91,1,1,1,1,1,0,AG2,
03920,오스코텍,-263.82,7.62,0.33,376.12,657894.38,182532099.56,16931352.33,0,1,1,1,1,1,AG2,
03924,경남스틸,2.05,5.65,1.13,48.21,132887.47,111986126.14,9602112.88,0,1,1,1,1,1,AG2,
03929,인포뱅크,-1.83,1.67,-0.65,-411.91,257590.38,67237588.23,1595074,0,1,1,0,1,2,AG2,
03931,세중,1.47,0.04,0.15,-2637.35,564973.99,99723579.06,55596.65,0,1,1,0,1,2,AG2,
03934,한국경제TV,6.35,5.39,2.68,78.95,96895.18,145786781.28,9175018.85,1,1,1,1,1,0,AG2,
03942,케이엘넷,25.49,2.61,0.16,906.75,22008.16,66926225.19,2000289.18,1,1,1,1,1,0,AG2,
03944,에스티아이,2.32,0.92,0.17,228.36,2089512.13,291151604.76,3311200.22,0,1,1,1,1,1,AG2,
03949,키움증권,6.77,22.83,11.71,7.91,,6980600912.25,21468804959,1,1,0,0,,,AG3,재무정보 미제공
03956,다산네트웍스,10.55,23.39,2.87,12.55,21745851.21,359800733.6,156256964.96,1,1,1,1,1,0,AG2,
03957,HDC랩스,5.98,11.69,2.26,47.13,537280.36,262801340.81,51613645.16,1,1,1,1,1,0,AG2,
03961,화성밸브,6.02,20.39,-140.29,-2.6,431675.55,94735002.81,26364508,1,1,1,0,1,1,AG2,
03974,한국정보공학,0.88,15.13,6.17,19.93,176074.15,53444653.09,18214629,0,1,1,1,1,1,AG2,
03983,오로라,17.68,59.47,5.8,10.36,5888730.06,184347216.82,356972744.03,1,0,1,1,1,1,AG2,
03984,디오,15.97,25.36,3.74,21.5,1466789.61,189267426.85,83178318.69,1,1,1,1,1,0,AG2,
03986,나노엔텍,10.88,1.82,0.38,575.63,49433.36,92039039.56,1829281.37,1,1,1,1,1,0,AG2,
03998,폴라리스AI,5.07,7.63,-2.63,-0.77,532823.11,95835665,8240554.91,1,1,1,0,1,1,AG2,
04016,누리플렉스,-17.23,21.93,-4.75,-10.18,389128.55,72759166.09,34492520.88,0,1,1,0,1,2,AG2,
04030,YTN,-22.12,0.22,-0.12,-1426.43,72445.1,224795983.93,721911.37,0,1,1,0,1,2,AG2,
04035,크레오에스지,-25.64,33.05,-6.28,-22.64,359714.65,46384278.5,29286221,0,1,1,0,1,2,AG2,
04042,정상제이엘에스,17.45,4.25,0.27,282.8,38018.09,78729381.73,4487840.08,1,1,1,1,1,0,AG2,
04061,SG&G,21.08,11.56,8.09,60.63,363964.56,428525325.25,59898516.32,1,1,1,1,1,0,AG2,
04091,아이씨디,-22.42,10.64,1.73,21.08,332891.67,94861132.24,18859063.32,0,1,1,1,1,1,AG2,
04102,폴라리스오피스,6.91,9.01,2.94,70.46,1689604.25,512652785.46,59003829.67,1,1,1,1,1,0,AG2,
04119,우리기술투자,83.88,0,,,,792605456.49,,1,1,,,,,AG3,재무정보 미제공
04144,현대에버다임,2.43,19.18,5.14,22.31,2403904.86,191982035.25,64415178.15,0,1,1,1,1,1,AG2,
04146,한국전자인증,25.38,0.56,0.06,1056.72,193637.81,65394329.87,509958.03,1,1,1,1,1,0,AG2,
04151,에스엠,20.01,4.7,0.37,189.77,3211670.8,1353863070.5,94417962.77,1,1,1,1,1,0,AG2,
04152,이엘씨,1.67,0.13,0.1,4439.47,3166.83,170711967.2,234586.65,0,1,1,1,1,1,AG2,
04159,플래스크,-27.36,2.14,-3.92,339.38,39269.93,41520370.27,1014848,0,1,1,1,1,1,AG2,
04165,상신브레이크,6.07,42.49,11.78,5.52,2445038.84,224765374.51,242200091.05,1,1,0,0,1,2,AG2,
04183,인바디,22.4,2.23,0.16,560.18,630065.66,330552687.81,8484513.51,1,1,1,1,1,0,AG2,
04191,폴라리스AI파마,8.65,24.12,8.91,45.77,47638.03,141282780.84,47893192.56,1,1,1,1,1,0,AG2,
04192,메디아나,12.14,0.57,0.11,1440.93,929588.49,138187332.3,868960.13,1,1,1,1,1,0,AG2,
04193,SY동아,5.71,20.95,2.62,40.03,6691157.52,190373637.49,66431847,1,1,1,1,1,0,AG2,
04196,코미팜,7.5,29.92,9.03,-10.66,640208.07,73324310.21,40216129.97,1,1,1,0,1,1,AG2,
04200,카페24,16.19,2.66,0.17,445.25,189515.93,262450525.71,10879252,1,1,1,1,1,0,AG2,
04204,케이피엠테크,-14.09,41.1,-5.01,-42.08,3502142.48,52930553.68,49853184.35,0,1,1,0,1,2,AG2,
04211,에스씨디,2.58,0.12,0.03,2885.94,8010.1,136794368.05,216047.07,0,1,1,1,1,1,AG2,
04237,비츠로테크,17.19,4.55,0.4,212.18,494547.41,487252233.98,30488405,1,1,1,1,1,0,AG2,
04242,네오위즈홀딩스,8.91,0.35,0.05,2425.89,20495150.77,722379985.73,3039086.37,1,1,1,1,1,0,AG2,
04250,링네트,7.9,2.7,0.27,533.98,1148582.61,118065086.92,4484376.4,1,1,1,1,1,0,AG2,
04251,라온시큐어,-13.28,8.52,0.82,105.44,205801.31,52117058.74,5936628.06,0,1,1,1,1,1,AG2,
04252,한스바이오메드,16.07,28.54,-2.69,-49.09,453278.05,73976665.52,42226008.13,1,1,1,0,1,1,AG2,
04260,새로닉스,0.99,42.95,117.32,-14.72,1186812.75,97310665.18,95956391.14,0,1,0,0,1,3,AG3,score
04266,한화오션,15.83,30.13,3.92,29.86,459011233.04,6825972776.31,6265022643.01,1,1,1,1,1,0,AG2,
04270,한미반도체,22.3,0.3,0.01,7634.28,1793060.26,635869571.94,2251916.44,1,1,1,1,1,0,AG2,
04294,상지건설,-42.8,46.34,-16.18,-12.73,629850.39,97928294.07,100504908.35,0,1,1,0,1,2,AG2,
04309,더테크놀로지,-10.42,9.81,-1.25,-293.65,66620.86,16359874.48,2181369.84,0,1,1,0,1,2,AG2,
04310,알파AI,-43.75,45.21,-5.68,-27.89,480198.3,28628575.14,33714680.97,0,1,1,0,1,2,AG2,
04315,바텍,14.52,6.12,0.63,130.3,1222379.83,512205476.11,43796950.78,1,1,1,1,1,0,AG2,
04320,파루,4.27,45.48,-26.23,-8.97,341281.21,23963081.34,25781320.86,0,1,1,0,1,2,AG2,
04322,티에스넥스젠,1.19,30.35,-4.43,-97.01,262302.79,18607395.26,11649879.32,0,1,1,0,1,2,AG2,
04326,성호전자,8.79,39.31,28.61,119.07,19324048.02,585121497.15,532895879.6,1,1,0,1,1,1,AG2,
04334,에쎈테크,9.87,50.51,6.62,10.71,522320.23,26705739.54,35893451.7,1,0,1,1,1,1,AG2,
04336,디지아이,-2.18,0.47,3.32,116.87,19924.03,40244383.99,206317.96,0,1,1,1,1,1,AG2,
04337,피에이치에이,7.63,2,0.27,318.4,3162853.74,864332756.34,23499599.91,1,1,1,1,1,0,AG2,
04359,웰킵스하이텍,-6.32,22.72,-6.24,-29.28,133035.38,34598577.08,12379805.68,0,1,1,0,1,2,AG2,
04361,KT지니뮤직,10.77,7.18,0.81,-20.05,597732.17,207868209.78,23104804,1,1,1,0,1,1,AG2,
04365,국순당,3.99,0.32,0.43,2093.89,988039.67,238903231.22,825798,0,1,1,1,1,1,AG2,
04371,코스리거글로벌,7.13,69.43,-67.91,-6.71,5269049.82,36567848.4,171382100.94,1,0,1,0,1,2,AG2,
04391,자연과환경,11.12,24.35,-28.41,-11.63,415345.3,87858745.96,32097481.42,1,1,1,0,1,1,AG2,
04418,KD,13.45,30.76,34.58,-17.54,2029314.37,19923936.34,81340801.53,1,1,0,0,1,2,AG2,
04434,위닉스,-17.63,47.27,-4.21,-49.35,13876822.61,116847680.46,242137252,0,1,1,0,1,2,AG2,
04438,주연테크,3.27,9.89,-13.71,-4.57,45240.44,38112993.97,4518825.51,0,1,1,0,1,2,AG2,
04445,KSS해운,35.82,64.22,6.24,15.51,17801325.08,629691654.67,1359693221.35,1,0,1,1,1,1,AG2,
04448,빌리언스,6.25,31.11,8.48,-29.09,642907.79,21134127.09,13540392,1,1,1,0,1,1,AG2,
04449,태웅,8.97,9.75,3.01,32.04,834091.64,613590781.28,80000000,1,1,1,1,1,0,AG2,
04478,에이치케이,-36.99,13.17,-457.54,57.58,83459.74,63902557.73,12000000,0,1,1,1,1,1,AG2,
04482,코스맥스비티아이,11.22,48.68,8.01,12.93,7299135.54,316242972.77,511186609,1,1,1,1,1,0,AG2,
04496,이글벳,15.61,9.94,1.13,85.13,215266.11,52378221.24,6494200.19,1,1,1,1,1,0,AG2,
04499,에이치엔에스하이텍,21.49,3.63,0.31,584.69,93290.9,105055044.56,4457827.12,1,1,1,1,1,0,AG2,
04506,오공,5.63,0.74,0.12,833.38,13287.11,123523390.56,1109327,1,1,1,1,1,0,AG2,
04510,한양이엔지,7.86,2.44,0.3,626.83,237445.23,685632643.68,24000000,1,1,1,1,1,0,AG2,
04530,성우테크론,14.73,8.25,2.07,59.78,54826.49,76745354.89,8517941.48,1,1,1,1,1,0,AG2,
04534,토탈소프트,25.83,0.03,0,42720.97,,37504972.8,14715.1,1,1,1,1,,,AG3,재무정보 미제공
04539,대아티아이,6.9,25.73,7.07,30.82,1022369.27,156221614.91,77522262,1,1,1,1,1,0,AG2,
04551,정원엔시스,1.94,12,3.09,24.9,102367.8,45826190.32,12610862.54,0,1,1,1,1,1,AG2,
04552,크린앤사이언스,7.41,55.83,15.6,2.15,452637.76,17993729.55,42522637.4,1,0,0,0,1,3,AG3,score
04566,에이텍,12.53,16.98,2.24,-36.13,301308,100636913.16,29746047.77,1,1,1,0,1,1,AG2,
04597,코아시아,2.55,29.35,9.31,0.17,6136644.99,127835393.45,127350394.9,0,1,1,0,1,2,AG2,
04607,코다코,10.13,39.03,6.52,15.47,1982449.45,8793862.81,146299651.39,1,1,1,1,1,0,AG2,
04612,오르비텍,-8.6,31.19,-7.33,29.21,2217650.61,152285606.01,83267520.43,0,1,1,1,1,1,AG2,
04621,HLB파나진,-10.26,7.65,-3.65,-12.65,159948.23,74622048.79,6360378.69,0,1,1,0,1,2,AG2,
04631,백금T&A,0.85,4.61,1.01,81.28,198006.26,100750420.7,6080477.79,0,1,1,1,1,1,AG2,
04639,삼화네트웍스,-327.57,1.03,-1.13,-0.77,2517.81,57498486.32,709653.07,0,1,1,0,1,2,AG2,
04644,KG파이낸셜,11.21,14.15,2.3,35.53,863300.14,354653537.29,83458676.35,1,1,1,1,1,0,AG2,
04689,서울반도체,10.4,8.58,1.16,41.62,22559861.48,649057242.12,92049082,1,1,1,1,1,0,AG2,
04694,우원개발,3.92,9.52,0.35,200.34,349743.44,157293090.34,24625834,0,1,1,1,1,1,AG2,
04697,우리로,11.95,16.41,3.32,37.2,566161.38,40669830.99,9551197,1,1,1,1,1,0,AG2,
04704,대우건설,14.54,32.03,-7.55,-15.42,48306239.64,3727659217.43,4509130371.05,1,1,1,0,1,1,AG2,
04705,포스코인터내셔널,6.21,39.82,4.28,18.77,602146395,7732088534,7862563467,1,1,1,1,1,0,AG2,
04708,한빛소프트,28.95,0.88,0.06,789.58,29662.85,22857927.01,244292.88,1,1,1,1,1,0,AG2,
04731,파워로직스,5.24,15.58,2.88,25.02,9561998.07,211848624.4,64493652.95,1,1,1,1,1,0,AG2,
04740,유니온머티리얼,6.85,69.33,12.67,5.45,1104642.72,18707920.27,97642731.68,1,0,0,0,1,3,AG3,score
04756,이스트소프트,-2.23,26.08,-4.28,-27.14,1063369.35,65986029.75,52549446.5,0,1,1,0,1,2,AG2,
04777,코데즈컴바인,12.16,10.35,2.12,74.68,99041.72,73391135.66,9666927.77,1,1,1,1,1,0,AG2,
04781,한국항공우주,8.82,25.15,6.95,15.45,70690184.8,1944917862.75,2807544263,1,1,1,1,1,0,AG2,
04782,초록뱀미디어,12.88,9.76,2.16,38.71,2358772.51,286564573.44,36375175.59,1,1,1,1,1,0,AG2,
04792,HLB제약,3.38,10.03,185.03,,178330.8,151730688.58,20321183.16,0,1,0,,1,,AG3,재무정보 미제공
04841,현대바이오,-1331.78,11.69,-0.88,-106.27,555435.73,111979393.5,15093035,0,1,1,0,1,2,AG2,
04843,유라테크,-1.91,0.83,0.77,1573.67,394551.23,155525529.88,1552886,0,1,1,1,1,1,AG2,
04847,대동스틸,0.52,4.52,-3.77,8.87,68385.6,72010355.29,4261917,0,1,1,0,1,2,AG2,
04853,인트론바이오,-90.65,7.19,-0.81,-226.35,869890.63,64427329.72,5083848,0,1,1,0,1,2,AG2,
04877,TPC로보틱스,1.75,34.56,28.33,2.34,599284.93,37414494.36,39615364.42,0,1,0,0,1,3,AG3,score
04883,엔피케이,4.2,10.92,1.42,89.08,39309.8,46608886.08,8386092.48,0,1,1,1,1,1,AG2,
04887,시너지이노베이션,19.56,9.45,1.32,54.49,3391559.85,274870841.48,31660085.26,1,1,1,1,1,0,AG2,
04891,대원미디어,6.61,28.22,2.48,34.88,1253319.5,135536367.24,70125953.79,1,1,1,1,1,0,AG2,
04907,인탑스,6.97,2.09,1.41,135.29,2066852.7,774731315.36,19031141.55,1,1,1,1,1,0,AG2,
04908,기가레인,-40.05,34.67,-4,-23.3,300427.61,40385023.05,32173087.79,0,1,1,0,1,2,AG2,
04912,파인디앤씨,-1.76,29.27,-12.34,-55.63,642198.47,51177975.53,32500934,0,1,1,0,1,2,AG2,
04918,셀루메드,-5.98,15.95,-2.5,-19.15,388102.14,23888033.98,10926927.79,0,1,1,0,1,2,AG2,
04943,코메론,26.66,0.03,0,34808.9,826338.63,253014301.89,81421.9,1,1,1,1,1,0,AG2,
04947,비트플래닛,-20.83,3.71,-0.55,-1263.01,64502.91,53827991.23,2297744.41,0,1,1,0,1,2,AG2,
04948,오픈베이스,2.3,7.54,1.05,86.05,290644.79,100026188.54,14909197.08,0,1,1,1,1,1,AG2,
04952,유아이엘,8.13,3.31,0.27,338.26,518373.15,201571725.17,9310325.33,1,1,1,1,1,0,AG2,
04955,잉크테크,14.97,36.22,7.73,16.31,867477.63,79819368.45,58601770.73,1,1,1,1,1,0,AG2,
04963,재영솔루텍,20.5,24.04,1.86,42.2,2447013.33,112444788.04,53219508.41,1,1,1,1,1,0,AG2,
04972,고려신용정보,12.3,23.52,1.09,75.93,155541.48,61469583.42,25993522.71,1,1,1,1,1,0,AG2,
04980,우진플라임,-4.31,43.9,11.63,9.36,1338352.87,106147086.55,143527142.16,0,1,0,0,1,3,AG3,score
04983,승일,7.49,5.26,0.92,190.77,247740.93,150710125.76,9889891.63,1,1,1,1,1,0,AG2,
04995,미래컴퍼니,8.99,0.44,-0.04,-2212.41,13012.94,111790450.63,570902.86,1,1,1,0,1,1,AG2,
04996,쎌바이오텍,28.01,0.21,0.02,2950.17,56006.37,133033153.57,293408.22,1,1,1,1,1,0,AG2,
05009,비케이홀딩스,-91.54,3.66,-0.15,-938.88,12569.25,10071738.23,466279.61,0,1,1,0,1,2,AG2,
05011,캠시스,5.49,45.46,16.93,-0.83,1852087.37,65128994.22,105043081.05,1,1,0,0,1,2,AG2,
05012,ES큐브,3.42,1.58,-0.14,16.14,539537.23,92020611.95,1557872,0,1,1,1,1,1,AG2,
05076,에스폴리텍,7.4,37.35,29.36,-3.06,385886.57,58752408.14,42992381.35,1,1,0,0,1,2,AG2,
05086,아세아텍,2.18,20.85,13.52,6.56,267215.95,125554875.81,43178662.69,0,1,0,0,1,3,AG3,score
05089,쏠리드,0.39,21.77,3.35,53.94,2796028.82,374949700.7,132507880.45,0,1,1,1,1,1,AG2,
05096,수산아이앤티,12.67,0.14,0.03,4225.55,1818.07,91389855.39,140559,1,1,1,1,1,0,AG2,
05116,지어소프트,9.61,10.78,0.83,95.36,896877.51,234430589.71,35277010,1,1,1,1,1,0,AG2,
05136,토비스,12.9,23.16,1.59,53.23,5022156.21,313513773.38,134659315.33,1,1,1,1,1,0,AG2,
05137,인터플렉스,8.67,0.1,0.01,11924.17,3332228.53,336239045.97,390192.67,1,1,1,1,1,0,AG2,
05138,피씨디렉트,2.28,37.83,7.73,9.18,3236965.38,39908286.31,44720029.1,0,1,1,0,1,2,AG2,
05139,YW,31.31,0,,,233300.27,83318867.73,,1,1,,,1,,AG3,재무정보 미제공
05149,나라엠앤디,-1.59,37.61,22.21,9.93,2976842.27,105605601.01,104278257.46,0,1,0,0,1,3,AG3,score
05150,CJ프레시웨이,4.03,30.58,2.5,28.95,10708609.94,380624810.59,469451919.95,0,1,1,1,1,1,AG2,
05160,한전KPS,14.91,0.49,0.04,2155.62,164479.37,1309707476.34,8498217,1,1,1,1,1,0,AG2,
05163,진양화학,10.53,24.54,10.44,16.3,206926.85,39684886.2,15099109.85,1,1,0,1,1,1,AG2,
05178,큐로홀딩스,3.27,41.04,33.38,-17.05,710274.87,27454076.65,39393655.82,0,1,0,0,1,3,AG3,score
05190,LG생활건강,10.42,3.34,0.64,39.59,2619059.48,5679366717.96,236937982.91,1,1,1,1,1,0,AG2,
05191,LG화학,11.76,36.46,7.65,10.33,1401175000,48090949000,38520863000,1,1,1,1,1,0,AG2,
05198,중앙첨단소재,-95.24,14.2,-3.77,-16.9,266239.26,103829374.21,18103716.24,0,1,1,0,1,2,AG2,
05202,에스티큐브,-498.16,11.54,-0.41,-224.98,86416.13,65576928.4,9648900.33,0,1,1,0,1,2,AG2,
05226,현대바이오랜드,16.64,4.01,0.37,163.58,180584.15,139642945.38,6473564.14,1,1,1,1,1,0,AG2,
05230,오션인더블유,-14.72,7.09,-13.92,-1.17,5015304.07,353904063.25,34602351.03,0,1,1,0,1,2,AG2,
05233,코텍,14.24,6.32,0.68,110.66,2122920.12,409336628.99,31979681,1,1,1,1,1,0,AG2,
05240,코나아이,36.42,8.18,0.38,226.89,2032450.52,264108756.58,43736938.97,1,1,1,1,1,0,AG2,
05242,오성첨단소재,39.02,7.46,1,202.85,615309.66,313523853.2,29333265.07,1,1,1,1,1,0,AG2,
05246,아이크래프트,-15.29,14.49,1.46,83.63,704950.46,43620943.3,12823610,0,1,1,1,1,1,AG2,
05260,한네트,29.09,12.13,0.84,74.83,129775.48,38615243.09,6337617.45,1,1,1,1,1,0,AG2,
05269,한전기술,16.6,0.13,0.02,4489.25,21328.84,588496170.64,1134983,1,1,1,1,1,0,AG2,
05271,아모텍,8.13,35.45,6.59,18.97,3112925.37,160566260.94,124072737.77,1,1,1,1,1,0,AG2,
05277,아이톡시,-41.03,14.39,-0.43,-482.94,144923.47,4057380.43,977641,0,1,1,0,1,2,AG2,
05279,액토즈소프트,24.05,0.44,0.05,1698.48,4947241.59,270547161.21,1734932.34,1,1,1,1,1,0,AG2,
05286,아이앤씨,16.99,21.56,1.81,50.1,167987.7,36732247.3,11924000,1,1,1,1,1,0,AG2,
05290,KX하이텍,26.79,16.52,1.81,38.43,1130574.08,147766303.09,34794434.99,1,1,1,1,1,0,AG2,
05303,바이넥스,-15.66,33.72,-7428.56,1.26,1655971.86,180023058.8,106697526.38,0,1,1,0,1,2,AG2,
05305,지에스이,10.52,19.99,3.18,23.51,370216.65,100488612.99,49273741.74,1,1,1,1,1,0,AG2,
05306,세동,8.83,24.09,2.11,39.56,381263.86,43739586.74,33238165.97,1,1,1,1,1,0,AG2,
05308,케이엔솔,1.97,30.77,-2.11,-45.14,1261208.64,125233864.89,122891098.69,0,1,1,0,1,2,AG2,
05316,프리엠스,0.02,1.09,2.3,-58.23,52826.89,74366774.17,908401.68,0,1,1,0,1,2,AG2,
05321,스카이라이프,15.52,19.61,1.19,69.95,1746412,548669691.01,189028846.45,1,1,1,1,1,0,AG2,
05326,금강철강,0.46,1.11,1.54,23.11,132637.25,125972557.82,1718896.54,0,1,1,1,1,1,AG2,
05327,구영테크,11.54,54.78,7.53,18.83,4962118.38,162863539.65,409930070.34,1,0,1,1,1,1,AG2,
05328,예스24,2.21,31.45,15.74,-2.66,457223.47,175951527.07,155574648.16,0,1,0,0,1,3,AG3,score
05329,NE능률,-537.67,1.15,-0.19,-467.53,21738.26,68242693.35,1009410.02,0,1,1,0,1,2,AG2,
05330,한국정보인증,32.12,14.78,1.61,57.82,1712492.67,250146075.51,63147926.15,1,1,1,1,1,0,AG2,
05335,이니텍,-10.64,0.17,,,1487102.24,136440681.44,247295,0,1,,,1,,AG3,재무정보 미제공
05345,세코닉스,6.13,33.41,4.39,25.12,6301713.33,145290361.17,107177512.62,1,1,1,1,1,0,AG2,
05358,웹케시,20.01,1.28,0.1,820.96,76553.99,111603434.2,1710352.35,1,1,1,1,1,0,AG2,
05361,프로텍,28.26,9.44,0.65,177.4,2737952.74,372013917.98,43619354.79,1,1,1,1,1,0,AG2,
05362,태양,9.38,0.9,0.21,1862.53,648526.45,199677122.34,2124790.37,1,1,1,1,1,0,AG2,
05369,한미글로벌,4.6,20.94,2.86,24.71,1398172.78,252686416.08,98234639.69,0,1,1,1,1,1,AG2,
05370,삼보모터스,7.5,38.66,4.44,15,14535900.47,449880989.96,541012979.24,1,1,1,1,1,0,AG2,
05380,안랩,3.26,0.46,0.05,2877.09,1089259.33,367900817.61,2313130.59,0,1,1,1,1,1,AG2,
05395,경남제약,5.64,20.59,-3241.98,-19.49,1415605.77,125385745.41,36240973.68,1,1,1,0,1,1,AG2,
05398,오상자이엘,8.65,0.01,0,60314.74,793784.69,109901006.61,13355,1,1,1,1,1,0,AG2,
05404,한국컴퓨터,9,32.45,2.75,68.44,695589.46,169611751.36,97968961.28,1,1,1,1,1,0,AG2,
05405,NH농우바이오,19.55,7.43,1.48,74.99,1581547,283628027.49,26786512.5,1,1,1,1,1,0,AG2,
05409,삼진엘앤디,5.07,45.83,9.06,3.39,1847778.88,40326372.88,57819650.88,1,1,1,0,1,1,AG2,
05418,메디콕스,-16.33,15.28,-3.49,-64.84,237507.8,45635915.46,10582038.52,0,1,1,0,1,2,AG2,
05421,이랜텍,10.79,35.97,2.82,32.56,15954618.91,328954494.5,252496029.8,1,1,1,1,1,0,AG2,
05422,비츠로시스,0.49,22.55,5.78,28.03,332708.38,20603588.1,10924261.01,0,1,1,1,1,1,AG2,
05430,팬스타엔터프라이즈,6.57,30.53,-90.17,3.57,958550.04,87997348.42,45420414.57,1,1,1,0,1,1,AG2,
05441,케이피티유,5.12,25.89,11.68,13.65,316643.33,58792671.76,25880000,1,1,0,1,1,1,AG2,
05445,텔레칩스,12.36,40.15,13.33,-34.95,6388807.81,143976570.51,151845000,1,1,0,0,1,2,AG2,
05454,삼영엠텍,4.28,33.45,13.21,10.47,7448945.95,253425200.01,192086005.19,0,1,0,1,1,2,AG2,
05462,APS,3.73,27.51,47.55,6.99,2563383.76,226952896.5,102543587.69,0,1,0,0,1,3,AG3,score
05467,대한뉴팜,7.74,38.98,7.17,22.62,1509690.15,138209939.2,107550533.93,1,1,1,1,1,0,AG2,
05478,키이스트,-8.49,15.48,-3.27,-15.22,370956.81,37669110.36,9132819.01,0,1,1,0,1,2,AG2,
05480,아이디스홀딩스,14.08,14.9,1.5,61.02,6328522.45,901293710.99,188330571,1,1,1,1,1,0,AG2,
05492,한컴위드,0.24,31.08,13.67,11.55,694039.19,150036964.13,76045987.14,0,1,0,1,1,2,AG2,
05493,유신,0.45,13.47,3.74,30.13,458297.35,152798486.01,43819853.25,0,1,1,1,1,1,AG2,
05494,엑사이엔씨,3.06,22.04,5.06,19.61,898631.78,85298742.39,36278248.24,0,1,1,1,1,1,AG2,
05495,제이브이엠,23.68,10.27,0.86,101.27,816980.91,233907495.93,33475255.03,1,1,1,1,1,0,AG2,
05549,테이팩스,10.17,9.38,1.5,76.82,144885.97,156845528.48,19321826.92,1,1,1,1,1,0,AG2,
05555,신한지주,16.66,15.94,15.3,5.91,,61474363000,130190128000,1,1,0,0,,,AG3,재무정보 미제공
05608,유진로봇,-75.59,15.6,-1.39,-129.36,59384.78,24836251.37,7866739.34,0,1,1,0,1,2,AG2,
05609,시지메드텍,7.53,11.86,2.46,98.68,126486.92,94866986.04,14948909.49,1,1,1,1,1,0,AG2,
05619,에스에프에이,10.04,9.61,1.38,53.07,3481070.53,1530990766.76,219803529.04,1,1,1,1,1,0,AG2,
05636,코위버,-14.91,6.84,9.31,40.26,259044.84,156333903.27,12377364,0,1,1,1,1,1,AG2,
05670,신화인터텍,5.48,23.31,2.6,19.31,1883675.92,95418246.33,36550026,1,1,1,1,1,0,AG2,
05673,CNT85,1.36,4.76,-0.41,-365.43,37401.48,59368338.3,3887974.32,0,1,1,0,1,2,AG2,
05703,YBM넷,10.32,10.75,2.1,56.73,93539.38,51442038.36,8873635,1,1,1,1,1,0,AG2,
05705,현대홈쇼핑,10.83,7.06,1.14,81.38,6813676,3752792847,350531567,1,1,1,1,1,0,AG2,
05754,옴니시스템,2.77,4.56,1.48,72.71,69549.95,111195576.75,6003750,0,1,1,1,1,1,AG2,
05768,티사이언티픽,-13.5,4.11,7.93,20.2,228627.56,167855432.98,8064082.72,0,1,1,1,1,1,AG2,
05811,멕아이씨에스,17.55,27.22,-349.61,2.55,137378.84,37207826.5,15598173.82,1,1,1,0,1,1,AG2,
05840,KNN,5.6,0.18,0.07,4652.51,1734481.99,231917368.21,436324,1,1,1,1,1,0,AG2,
05843,포스코스틸리온,3.5,2.8,0.46,182.53,2674407.4,388230004.47,15112695.33,0,1,1,1,1,1,AG2,
05845,한주에이알티,-30.72,30.78,-3.5,-71.2,220010,19204209.51,13687537.2,0,1,1,0,1,2,AG2,
05847,리노공업,50.69,0.02,0,99549.09,1179.98,710870347.57,186750.12,1,1,1,1,1,0,AG2,
05861,에스피지,7.43,16.13,2.84,22.82,570684.45,266962513.5,72235073.11,1,1,1,1,1,0,AG2,
05863,엠게임,16.63,0.82,0.08,1729.59,1257328.91,138218821.06,1372843.94,1,1,1,1,1,0,AG2,
05865,세아홀딩스,5.62,34.69,6.41,11.55,106084622.37,3119790739.47,2246943358.07,1,1,1,1,1,0,AG2,
05873,다스코,-7.39,36.2,22.94,-3.36,2085821.59,135933184.44,121823759.69,0,1,0,0,1,3,AG3,score
05882,CMG제약,-8.84,27.65,-37.15,-6.45,99274.2,201716670.91,88296098.73,0,1,1,0,1,2,AG2,
05885,KTcs,7.08,0,0.96,180.66,930169.57,227054956.14,53228260,1,1,1,1,1,0,AG2,
05886,KTis,7.17,23.99,2.09,51.84,1191773.61,238059191.32,107607853.09,1,1,1,1,1,0,AG2,
05897,엠로,-14.42,1.86,2.66,125.71,43342.25,93438511.03,2006478.59,0,1,1,1,1,1,AG2,
05909,미코,12.52,50.21,7.57,13.84,21276863.44,713330508.8,1246419339.41,1,0,1,1,1,1,AG2,
05910,아이컴포넌트,21.95,14.91,1.03,81.84,228602.14,46298818.07,9227743,1,1,1,1,1,0,AG2,
05912,아진엑스텍,6.2,2.22,0.31,340.32,10112.49,41461485.9,1029152.42,1,1,1,1,1,0,AG2,
05921,메타바이오메드,25.66,23.3,1.68,30.46,2393941.88,127952026.92,44235440,1,1,1,1,1,0,AG2,
05927,해성에어로보틱스,-1.37,0.03,0.02,7246.12,186156.62,39369709.97,12588,0,1,1,1,1,1,AG2,
06015,인선이엔티,14.4,25.03,3.94,3.69,1119786,310672642.89,115281102,1,1,1,0,1,1,AG2,
06023,제이케이시냅스,3.38,41.83,-17.74,-19.14,1853241.53,68767814.97,66489706.39,0,1,1,0,1,2,AG2,
06024,스타코링크,-10.84,39.8,-2.42,-127.61,131405.49,-853644.05,7541172,0,1,1,0,1,2,AG2,
06025,NHN KCP,4,0.42,0.04,1999.87,723781.97,307506901.81,2792277.67,0,1,1,1,1,1,AG2,
06026,뉴보텍,5.65,29.92,5.75,25.79,176308.28,24347745.94,16121691.32,1,1,1,1,1,0,AG2,
06028,큐렉소,-1.42,0.95,0.29,385.37,178030.6,98281354.09,990832,0,1,1,1,1,1,AG2,
06031,3S,-5.45,12.21,-1.39,-106.1,188013.84,46348321.77,7399344.35,0,1,1,0,1,2,AG2,
06037,LS마린솔루션,12.36,4.77,2.05,106.55,1620697.95,625988454.65,36656592.44,1,1,1,1,1,0,AG2,
06038,동양에스텍,1.98,21.21,7.9,14.88,466240.51,119960222.19,41950959.12,0,1,1,1,1,1,AG2,
06048,국일신동,3.86,0.1,0.06,1582.35,96034.06,42235113.37,46849.94,0,1,1,1,1,1,AG2,
06054,에스에이티,7.37,21.18,2.56,31.38,870209.75,103844184.04,34695808.5,1,1,1,1,1,0,AG2,
06056,HC홈센타,-1.57,43.4,-1103.98,-5.23,2773226.25,198862181.05,211834967.74,0,1,1,0,1,2,AG2,
06057,드림어스컴퍼니,2.86,1.62,0.71,27.9,95396.59,144447645.07,3305622.1,0,1,1,1,1,1,AG2,
06059,씨티씨바이오,17.92,29.22,2.61,31.72,691591.29,76223617.64,42849740.36,1,1,1,1,1,0,AG2,
06072,KH바텍,13.12,21.5,1.67,45.98,1143230.05,275095080.73,87839440.74,1,1,1,1,1,0,AG2,
06085,영림원소프트랩,9.23,21.32,3.09,64.16,342691.41,55757479.72,21038126.9,1,1,1,1,1,0,AG2,
06090,에이전트AI,-63.39,13.65,-0.86,-251.61,597867.49,35449836.25,7702449.35,0,1,1,0,1,2,AG2,
06098,HL홀딩스,13.73,37.7,6.06,9.1,10389644.07,1110402764.87,916591923.35,1,1,1,0,1,1,AG2,
06104,알에프텍,-5.43,28.28,-8.4,-17.85,7386794.21,193422062.98,112293996.03,0,1,1,0,1,2,AG2,
06109,세나테크놀로지,8.78,1.73,0.26,,2167236.47,183388465.89,3716931.65,1,1,1,,1,,AG3,재무정보 미제공
06125,화일약품,-2.41,0.16,-1.86,130.43,3416.08,208581323.58,353233,0,1,1,1,1,1,AG2,
06197,LB세미콘,15.99,46.36,5.56,-14.29,9986416.64,281378644.4,321759519.88,1,1,1,0,1,1,AG2,
06204,산일전기,37.84,0.26,0.01,,11549429.35,594829193.69,1900709,1,1,1,,1,,AG3,재무정보 미제공
06297,한국첨단소재,-62.52,9.69,-1.49,-60.82,43944.4,37858422.38,4160000,0,1,1,0,1,2,AG2,
06308,컴투스홀딩스,-51.95,42.23,-20.3,18.04,3049497.18,223838172.99,208020055.22,0,1,1,1,1,1,AG2,
06316,종근당바이오,5.72,49.5,9.42,7.06,1900115.86,124997615.17,147683388.83,1,1,1,0,1,1,AG2,
06317,서울옥션,4.92,41.76,337.37,-4.43,1644150.14,97848153.64,100427005.34,0,1,0,0,1,3,AG3,score
06344,SM Life Design,10.7,0.85,0.1,811.84,10163.96,67199171.17,596787.73,1,1,1,1,1,0,AG2,
06357,NICE인프라,26.61,64.83,3.97,21.99,5600847.61,180749372.08,429656869.65,1,0,1,1,1,1,AG2,
06376,이엘피,10.02,4.16,0.5,218.62,127690.01,64739442.02,3174018.24,1,1,1,1,1,0,AG2,
06409,인크레더블버즈,-189.82,4.33,-0.43,-902.09,1947432.51,61562089.94,2820583.09,0,1,1,0,1,2,AG2,
06424,홈캐스트,-43.59,0.14,-0.06,12.67,279342.81,83984159.49,123942.63,0,1,1,1,1,1,AG2,
06426,다날,2.16,37.01,24.41,-18.63,9577155.25,314848257.17,271434886.68,0,1,0,0,1,3,AG3,score
06429,인텍플러스,-12.47,36.77,210.77,3.69,1033097.08,44731991.91,41502736.43,0,1,0,0,1,3,AG3,score
06435,현대로템,16.5,1.44,0.12,449.96,18774318,3182433269,132079004,1,1,1,1,1,0,AG2,
06440,LG씨엔에스,10.36,11.34,0.76,102.38,12252656,2932555794,542310353,1,1,1,1,1,0,AG2,
06448,브리지텍,8.91,2.58,0.35,225.99,23427.04,42836996.83,1444437,1,1,1,1,1,0,AG2,
06452,테크엘,-44.76,0.21,-0.05,-1129.22,1869.37,93888446.54,208677,0,1,1,0,1,2,AG2,
06455,바이오니아,1.99,28.96,5.56,6.16,1252613.31,218222196.61,106848423.36,0,1,1,0,1,2,AG2,
06476,티씨케이,33.9,0.15,0.01,12373.28,8371.26,528082379.98,863857.51,1,1,1,1,1,0,AG2,
06480,포니링크,-35.33,13.58,-2.04,-39.66,620330.08,224913336.19,38207081.03,0,1,1,0,1,2,AG2,
06482,케이프,15.85,39.1,24.13,8.53,1976763.82,317297731.43,1925083697.04,1,1,0,0,1,2,AG2,
06485,에프앤가이드,43.77,10.63,0.68,116.39,148500.37,70638156.97,10031702,1,1,1,1,1,0,AG2,
06496,SNT모티브,13.7,0.02,0,80183.61,1800676.54,1039031288.41,191653,1,1,1,1,1,0,AG2,
06506,지엔코,0.56,34.17,22.41,-3.44,790552.47,126976247.7,79483292,0,1,0,0,1,3,AG3,score
06513,탑엔지니어링,3.43,12.69,21.21,-11.82,10478956.69,307853905.72,68405418.95,0,1,0,0,1,3,AG3,score
06515,대산F&B,5.53,24.55,1.65,66.81,139329.46,25757484,9533806,1,1,1,1,1,0,AG2,
06517,비엘팜텍,10.33,18.79,-2.09,-303.84,542425.26,10327042.3,3520613.74,1,1,1,0,1,1,AG2,
06535,신성델타테크,4.86,38.6,7.78,15.62,11020382.89,363886090.11,387970908.03,0,1,1,1,1,1,AG2,
06537,위세아이텍,9.47,31.56,5.44,18.46,692992.09,29771292.28,20031461.16,1,1,1,1,1,0,AG2,
06542,에스아이리소스,-10.39,29.64,-2.07,-52.35,83185.73,9405512.12,4731808.55,0,1,1,0,1,2,AG2,
06544,이루온,-8.5,12.74,9.09,9.03,75527.48,49928488.76,9750691.24,0,1,1,0,1,2,AG2,
06545,빅텍,7.32,23.42,3.03,38.34,652242.97,59924992.88,29456891.75,1,1,1,1,1,0,AG2,
06550,오리엔트정공,2.64,34.07,8.7,9.21,451784.17,40523600.17,35820183.4,0,1,1,0,1,2,AG2,
06551,휴비츠,14.14,33.03,6.17,5.01,594395.9,114374882.26,75946388.78,1,1,1,0,1,1,AG2,
06553,와이어블,40.91,20.87,1.4,68.71,249698.16,76705387.8,28536692.81,1,1,1,1,1,0,AG2,
06557,삼영이엔씨,-5.87,26.99,12.02,-0.68,147482.62,17811917.83,10321991.48,0,1,0,0,1,3,AG3,score
06565,하이퍼코퍼레이션,0.78,53.04,-2602.41,-3.63,2060806.1,25735106.52,44528385.16,0,0,1,0,1,3,AG3,score
06566,안트로젠,-45.03,0,,,2278.51,83830680.32,,0,1,,,1,,AG3,재무정보 미제공
06568,우주일렉트로,13.97,16.88,2.01,55.23,3725337.18,269963918.05,60595659.99,1,1,1,1,1,0,AG2,
06569,파커스,5.36,15.09,-17.36,-0.58,1337452.91,50381715.9,11913789.26,1,1,1,0,1,1,AG2,
06571,서호전기,31.33,0.01,0,43060.07,4573295.65,101500515.51,18965.06,1,1,1,1,1,0,AG2,
06577,CS,-5.09,4.01,6.79,50.02,48552.29,17257579.01,808057.84,0,1,1,1,1,1,AG2,
06595,웰크론,4.64,53.09,-136.51,-25.72,1658350.13,54054594.19,167944645.1,0,0,1,0,1,3,AG3,score
06613,하츠,5.21,13.91,1.77,51.17,569768.58,115904015.21,22363640.47,1,1,1,1,1,0,AG2,
06631,큐에스아이,18.29,0.38,0.11,1792.36,123465.78,89341896.1,363964.48,1,1,1,1,1,0,AG2,
06636,체리부로,10.66,43.11,2.46,40.56,1390654.7,138814211.03,144695901,1,1,1,1,1,0,AG2,
06641,버킷스튜디오,-24.19,4.54,-1.44,-173.07,96759.41,148244803.03,7380668.31,0,1,1,0,1,2,AG2,
06643,아이로보틱스,2.98,16.09,5.39,60.45,141526.58,44519171.71,9283874.8,0,1,1,1,1,1,AG2,
06657,LG전자,10.71,19.73,2.16,33.96,397579000,30529230000,14057559000,1,1,1,1,1,0,AG2,
06659,스모트로닉,3.56,41.13,6.4,7.52,3062290.95,82894990.34,114353122.05,0,1,1,0,1,2,AG2,
06662,국보디자인,15.17,0.48,0.05,3470.29,16507107.59,330742865.84,2304292.6,1,1,1,1,1,0,AG2,
06667,디티씨,7.94,0.35,0.24,183.88,3772524.59,254772616.06,1062841.2,1,1,1,1,1,0,AG2,
06670,테라젠이텍스,5.2,16.75,3,37.45,5860764.74,152037650.55,42441569.37,1,1,1,1,1,0,AG2,
06679,씨씨에스,-39.17,3.39,-0.24,-817.54,24717.3,23467124,932042.49,0,1,1,0,1,2,AG2,
06690,디에이피,7.67,23.81,4.96,208.52,1652930,102396298.21,55932275.94,1,1,1,1,1,0,AG2,
06691,손오공,2.65,30.5,-26.41,52.44,1820625.36,52774542.52,34710139.49,0,1,1,1,1,1,AG2,
06697,엘앤에프,18.52,50.75,9.27,-22.78,191497214.26,672405858.79,1700998796.34,1,0,1,0,1,2,AG2,
06698,한성크린텍,3.13,26.54,4.96,13.88,667316.47,62369772.72,40674657.63,0,1,1,1,1,1,AG2,
06700,조이시티,2.52,47.75,12.91,-6.9,888589.34,86446642.07,102021036.51,0,1,0,0,1,3,AG3,score
06701,이씨에스,1.64,3.06,1.35,218.09,92289.34,53339946.66,2387204.42,0,1,1,1,1,1,AG2,
06708,대화제약,5.42,45.56,11.6,8.8,1285734.28,85057286.9,101280548.92,1,1,0,0,1,2,AG2,
06716,SOOP,25.7,1.19,0.07,844.53,2134083.2,489548688.04,10569244.16,1,1,1,1,1,0,AG2,
06717,오텍,-0.9,38.56,53.38,-3.02,3946332.75,124694711.82,214751504.45,0,1,0,0,1,3,AG3,score
06728,멀티캠퍼스,5.42,9.75,0.73,118.09,430751.07,230570343.75,31714173.99,1,1,1,1,1,0,AG2,
06729,JW신약,15.67,2.39,0.13,208.45,182969.05,42884657.52,1500000,1,1,1,1,1,0,AG2,
06731,하나마이크론,22.61,51.25,3.16,26.58,21280977.19,732690280.68,1109528008.55,1,0,1,1,1,1,AG2,
06737,선바이오,74.11,47.06,4.76,14.58,298012.52,29190167.47,29303814,1,1,1,1,1,0,AG2,
06739,아스트,14.39,31.01,7.69,5.19,6277691.54,314424558.6,173703238.76,1,1,1,0,1,1,AG2,
06757,엔브이에이치코리아,6.34,50.91,33.76,-1.69,19033675.92,337312927.8,838941081.42,1,0,0,0,1,3,AG3,score
06763,HLB생명과학,-27.66,33.83,-10.11,-28.45,4470885.89,293980681.01,164066178.62,0,1,1,0,1,2,AG2,
06773,로지시스,12.93,6.79,0.47,241.91,58173.27,20709931.05,2137741.87,1,1,1,1,1,0,AG2,
06777,세진티에스,13.77,0.06,0.02,6824.34,8725.73,48934546.46,31263.88,1,1,1,1,1,0,AG2,
06790,와이엔텍,14.56,22.04,2.94,39.73,478856.65,345278176.37,110062853,1,1,1,1,1,0,AG2,
06792,이글루,-3.91,6.31,0.63,94.07,42853.01,134628635.24,11366960.57,0,1,1,1,1,1,AG2,
06799,도이치모터스,3.95,63.19,10,6.01,10661219.94,364297210.94,1050369172.43,0,0,1,0,1,3,AG3,score
06805,팬엔터테인먼트,12.09,19.05,12.26,-12.24,380854.49,62043775.94,22539905.6,1,1,0,0,1,2,AG2,
06810,케이웨더,3.56,10.86,-6.14,-14.04,22591.97,17978701.93,2471063.86,0,1,1,0,1,2,AG2,
06824,다원시스,-28.98,59.92,-3.66,-37.16,6190525.43,-485210881.25,372947897,0,0,1,0,1,3,AG3,score
06827,셀트리온,34.8,16.62,2.35,51.64,34042295.6,17814382031.81,3847915998,1,1,1,1,1,0,AG2,
06829,삼성출판사,1.31,0.25,1.06,1994.55,698774.55,149275304.26,437899.1,0,1,1,1,1,1,AG2,
06833,일신바이오,22.24,0,,,-646196,65354804.09,,1,1,,,1,,AG3,재무정보 미제공
06876,셀트리온제약,14.48,20.89,1.97,38.42,1574968.54,434821337.52,160581534,1,1,1,1,1,0,AG2,
06879,DMS,-57.27,10,-9.2,179.38,316355.47,432389861.35,59669878,0,1,1,1,1,1,AG2,
06893,디지털대성,21.49,22.35,1.43,57.32,922704.73,161232838.08,80097123.81,1,1,1,1,1,0,AG2,
06894,셀피글로벌,-17.95,17.59,-1.68,-233.75,65303.71,8451697.86,4141995.75,0,1,1,0,1,2,AG2,
06908,웹젠,18.54,0.47,0.11,872.93,690006.05,672762225.19,3618053.41,1,1,1,1,1,0,AG2,
06914,누리플랜,9.91,40.48,5.6,12.35,513691.4,49518423.48,55203947.48,1,1,1,1,1,0,AG2,
06926,TKG휴켐스,9.72,5.6,0.54,167.38,2631337.49,890141742.33,66287144.72,1,1,1,1,1,0,AG2,
06933,유아이디,25.95,34.72,2.14,43.36,149650.62,22506230.54,15197000.8,1,1,1,1,1,0,AG2,
06941,엔텔스,2.11,1.24,0.32,298.74,76799.93,56557993.8,846804,0,1,1,1,1,1,AG2,
06946,대호에이엘,4.02,38.94,13.21,-70.87,9935921,82224331.48,64191376,0,1,0,0,1,3,AG3,score
06951,에스텍,7.01,2.97,0.22,358.25,250254.74,241149673.14,10274721,1,1,1,1,1,0,AG2,
06954,빛과전자,-18.24,18.01,-1.39,-118.98,2040232.82,77059457.59,18947249,0,1,1,0,1,2,AG2,
06962,대웅제약,10.16,36.75,3.83,32.38,6198209.32,1154222381.35,900425485.09,1,1,1,1,1,0,AG2,
06964,한세엠케이,3.16,66.96,65.01,-11.88,2280720.24,14498272.39,189031305.3,0,0,0,0,1,4,AG3,score
06973,DSR제강,13.8,13.19,1.02,92.66,1844635.57,190849548.7,34369223.75,1,1,1,1,1,0,AG2,
06992,엑시온그룹,-0.59,16.69,-4.01,-160.59,292973.53,37840641.37,14880178.58,0,1,1,0,1,2,AG2,
06996,현대백화점,21.57,26.46,3.95,19.23,30360798,6297194899,3144261830,1,1,1,1,1,0,AG2,
07030,엑스큐어,-112.3,28.83,3.55,33.43,4191355.72,27290848.85,15368520.36,0,1,1,1,1,1,AG2,
07059,인티큐브,-18.39,3.37,-1.7,-54.47,30484,10962477.97,846563.11,0,1,1,0,1,2,AG2,
07096,모나용평,28.31,33.56,8.59,-4.01,5365838.09,366102449.83,337028203.36,1,1,1,0,1,1,AG2,
07105,한국금융지주,10.62,33.43,16.26,5.98,,12859921000,49471367000,1,1,0,0,,,AG3,재무정보 미제공
07109,하이스틸,5.97,26.74,18.26,4.14,653020.28,146586240.23,73604988.27,1,1,0,0,1,2,AG2,
07120,인피니트헬스케어,31.14,0.97,0.11,1490.84,1070707.19,204892298.58,2549778,1,1,1,1,1,0,AG2,
07128,로체시스템즈,12.7,0.2,0.02,4183.7,3915238.19,140353282.36,344215.54,1,1,1,1,1,0,AG2,
07132,지역난방공사,28.86,47.71,4.35,16.98,28764000,2447514000,3903076000,1,1,1,1,1,0,AG2,
07167,에이테크솔루션,2.92,31.42,10.4,10.06,1768139,88089046,102137643,0,1,0,1,1,2,AG2,
07184,롯데하이마트,2.65,31.67,4.94,16.3,6066537.05,914121891.38,584649391.5,0,1,1,1,1,1,AG2,
07185,캐스텍코리아,2.2,42.96,17.25,-8.9,1383557.98,60198673,88544896.04,0,1,0,0,1,3,AG3,score
07195,코아스,12.04,28.61,-23.15,-83.84,2191074.74,36384425.4,23456331.05,1,1,1,0,1,1,AG2,
07197,HD현대마린엔진,26.81,0.82,0.07,4022.44,8291926.35,499697099.85,7147892,1,1,1,1,1,0,AG2,
07202,중앙백신,37.2,5.13,0.46,195.61,105301.21,106812600.8,6379902.15,1,1,1,1,1,0,AG2,
07213,유엔젤,2.76,5.95,1.16,137.41,524926.64,64981578.31,4776822.43,0,1,1,1,1,1,AG2,
07247,우리산업홀딩스,7.84,29.3,2.76,28.27,8054743.73,217271297.81,162346842.66,1,1,1,1,1,0,AG2,
07271,농심홀딩스,13.5,11.99,2.23,71.23,2027717.2,1356666149.41,234285209,1,1,1,1,1,0,AG2,
07277,멤레이비티,-13.01,31.49,-27.27,-53.98,1076956.59,49782208.96,42003151.51,0,1,1,0,1,2,AG2,
07287,메가스터디,21.39,10.78,1.6,79.44,840716.56,362944781.82,61230228.35,1,1,1,1,1,0,AG2,
07295,빛샘전자,10.49,8.7,0.84,134.2,128336.27,87118910.98,10653982,1,1,1,1,1,0,AG2,
07299,에이치시티,17.24,36.1,2.98,31.4,599272.01,97761615.6,66229225,1,1,1,1,1,0,AG2,
07301,케이에스피,18.89,30.81,3.03,23.12,1389609.8,84784713.82,46008797,1,1,1,1,1,0,AG2,
07311,엘엠에스,2.8,42,-25.27,-0.84,526043.58,74050064.11,67177185,0,1,1,0,1,2,AG2,
07319,듀오백,-2.07,15.08,-5.15,-43.86,69564.94,34010183.07,7797265.95,0,1,1,0,1,2,AG2,
07324,금호타이어,19.59,33.34,2.27,33.38,21696416.46,2470215298.05,2005271292.24,1,1,1,1,1,0,AG2,
07349,LIG아큐버,2.37,12.62,3.45,34.01,901171.22,168612699.67,30400304.17,0,1,1,1,1,1,AG2,
07354,에프알텍,-9.34,4.22,9.64,30.45,21694.17,59835092.6,3115599.98,0,1,1,1,1,1,AG2,
07356,우리손에프앤지,14.8,30.83,2.66,30.77,1935506.19,337776967.08,174400037.55,1,1,1,1,1,0,AG2,
07357,리튬포어스,-60.95,3.46,-0.12,-1820.73,365832.52,54040153.19,2079277.19,0,1,1,0,1,2,AG2,
07364,테라사이언스,-38.65,23.38,-1.68,-86.95,204018.42,26612739.95,13068139.32,0,1,1,0,1,2,AG2,
07443,아미노로직스,13.91,18.99,3.97,29.49,877993.88,57113937.05,16639738.65,1,1,1,1,1,0,AG2,
07461,이엔플러스,-6.93,38.54,215.84,-75.35,361316.45,18555763.49,16907107.05,0,1,0,0,1,3,AG3,score
07513,플랜티넷,10.44,3.19,1.08,92.84,38207.48,80473955.23,3078503.02,1,1,1,1,1,0,AG2,
07518,새론오토모티브,1.99,0.12,0.05,3295.71,21772.93,256061281.92,341367.74,0,1,1,1,1,1,AG2,
07558,세진중공업,18.9,39.5,3.17,27.43,4128757.53,301440241.67,258246587.79,1,1,1,1,1,0,AG2,
07597,동국알앤에스,2.03,22.55,3.88,17.19,252632.5,81647083.94,28767312.53,0,1,1,1,1,1,AG2,
07608,웰크론한텍,6.52,21.57,-1.46,-180.97,267590.01,10264305.1,22952500.62,1,1,1,0,1,1,AG2,
07661,해성옵틱스,4.4,36.06,12.96,7.93,2061145.16,32548125.95,59091773.71,0,1,0,0,1,3,AG3,score
07736,덕산하이메탈,5.32,40.07,13.09,-32.84,3924200.82,345951494.17,271153450.69,1,1,0,0,1,2,AG2,
07750,유니퀘스트,7.08,24.67,3.28,18.02,1532310.12,257073234.54,131383317,1,1,1,1,1,0,AG2,
07797,STX엔진,11.29,29.41,4.1,27.96,9006176.35,360412452.94,355777566.26,1,1,1,1,1,0,AG2,
07800,텔코웨어,-15.61,0,,,6954.64,114008608.58,,0,1,,,1,,AG3,재무정보 미제공
07802,LS증권,2.7,11.58,25.68,4.11,,874446433.78,1631541074,0,1,0,0,,,AG3,재무정보 미제공
07807,유비쿼스홀딩스,20.09,0.24,0.03,3436.21,775584.15,389880373.27,1000000,1,1,1,1,1,0,AG2,
07813,국일제지,-0.58,0.1,0.26,-605.6,51933.35,119642846.76,136761.49,0,1,1,0,1,2,AG2,
07814,대봉엘에스,11.69,28.67,7.23,20.93,3182112.95,174355780.44,77675679.42,1,1,1,1,1,0,AG2,
07815,HB테크놀러지,4.19,11.37,3.34,116.47,15189042.88,301341647.57,45247770.3,0,1,1,1,1,1,AG2,
07816,메디포스트,-81.18,26.76,-2.36,-66.47,7556996.47,241254184.91,154577537,0,1,1,0,1,2,AG2,
07834,컴투스,6.16,20.37,13.36,5.23,40588568.44,1046213919.88,316885012.78,1,1,0,0,1,2,AG2,
07835,한양디지텍,6.09,3.4,0.26,252.16,5689461.52,193934390.44,11666761.73,1,1,1,1,1,0,AG2,
07852,에이블씨엔씨,17.82,14.7,0.85,138.91,549520.24,76208607.75,24882492.98,1,1,1,1,1,0,AG2,
07859,휴림에이텍,3.04,4.41,1.74,-143.9,4006218.97,74923027.21,4162359.16,0,1,1,0,1,2,AG2,
07860,대주전자재료,15.05,48.93,7.92,8.5,28525980.6,259704556.73,334137487.33,1,1,1,0,1,1,AG2,
07886,아이오케이이엔엠,-93.62,10.59,-1.94,-75.61,412268.29,73791746.12,9430120.67,0,1,1,0,1,2,AG2,
07889,가온그룹,10.75,42.77,6.1,7.49,14746294.45,126539653.45,188090414.2,1,1,1,0,1,1,AG2,
07893,GS,18.39,22.66,2.46,,123761000,19813721000,8339822000,1,1,1,,1,,AG3,재무정보 미제공
07900,와토스코리아,-21.15,0,,-624.97,21680.54,67749261.83,,0,1,,0,1,,AG3,재무정보 미제공
07916,CJ CGV,1.52,67.92,7.49,5.61,51146327.55,455694057.86,2894451300.07,0,0,1,0,1,3,AG3,score
07917,한창산업,6.56,0,,25824.3,713936.91,72755463.28,,1,1,,1,1,,AG3,재무정보 미제공
07919,케스피온,4.25,19.75,-19.46,-17.31,218321.58,15227868.2,5704478.16,0,1,1,0,1,2,AG2,
07937,제우스,-27.96,19.91,-8.37,-10.8,3413783.54,359219317.65,113763702.97,0,1,1,0,1,2,AG2,
07943,현대리바트,2.5,19.24,3.98,21.5,1746512.74,417032819.17,153374769.65,0,1,1,1,1,1,AG2,
07965,서산,7.22,0,,,1505.11,102534331.26,,1,1,,,1,,AG3,재무정보 미제공
07981,APS이노베이션,18.81,16.74,5.06,25.17,800349.62,173343944.47,38406492.3,1,1,1,1,1,0,AG2,
07990,전진건설로봇,12.2,12.94,1.06,112.32,1039933.55,153085875.07,30202754.18,1,1,1,1,1,0,AG2,
07994,가비아,25.79,28.44,2.02,43.23,1881683.94,379502692.38,180624450.58,1,1,1,1,1,0,AG2,
07995,인베니아,2.02,39.88,-4.59,-24.59,460678.76,24506280.75,24815054.22,0,1,1,0,1,2,AG2,
07996,동양이엔피,7.96,0,,,2531162.13,457581999.04,,1,1,,,1,,AG3,재무정보 미제공
07997,투비소프트,6.83,5.47,0.58,234.78,43545.37,22378229.83,1861217.13,1,1,1,1,1,0,AG2,
07998,휴비스,2.61,44.03,9.2,6.77,6853740.19,250946776.36,349087868.24,0,1,1,0,1,2,AG2,
08001,이상네트웍스,27.11,6.03,0.47,159.88,524344.85,172818906.27,13156316.17,1,1,1,1,1,0,AG2,
08016,모두투어,6.74,11.09,4.04,61.46,149987.58,92945616.07,25628632.45,1,1,1,1,1,0,AG2,
08022,제주반도체,37.56,30.8,1.61,121.12,290354.06,305165261.88,164452514.54,1,1,1,1,1,0,AG2,
08042,모다이노칩,10.6,53.72,11.44,2.46,5185290.24,368507857.06,555408149,1,0,0,0,1,3,AG3,score
08047,성창오토텍,7.17,26.88,2.87,35.67,305028.49,74854495.82,53735427.6,1,1,1,1,1,0,AG2,
08052,오디텍,-17.8,4.5,-2.23,-1.81,450545.06,130683854.39,6534583.3,0,1,1,0,1,2,AG2,
08053,코디,10.36,17.92,2.19,43.1,280763.22,59671434.14,15090925.98,1,1,1,1,1,0,AG2,
08058,오킨스전자,24.28,29.68,1.43,51.79,419551.73,62168390.96,33717178.3,1,1,1,1,1,0,AG2,
08072,한국유니온제약,-20.17,50.5,-1.52,-123.3,839903.3,-25188185.12,23372739.71,0,0,1,0,1,3,AG3,score
08100,일진다이아,7.24,1.73,1.29,160.77,92904.02,540676254.67,10534591.06,1,1,1,1,1,0,AG2,
08115,티플랙스,4.4,21.31,6.23,13.17,696019.38,155199166.26,53495084,0,1,1,1,1,1,AG2,
08118,쎄크,-31.9,22.96,-10.01,-10.18,458040.61,31899057.85,19302611.94,0,1,1,0,1,2,AG2,
08158,성우전자,7.31,14.53,2.18,156.37,578923.07,117727206.54,23989662,1,1,1,1,1,0,AG2,
08166,미스토홀딩스,18.78,38,3.42,26.06,42475948.09,2744255767.47,2402307439.71,1,1,1,1,1,0,AG2,
08221,옵트론텍,14.81,47.86,8.27,-6.43,5636978.17,63269201.99,118487197.49,1,1,1,0,1,1,AG2,
08227,젬백스,1.6,32.95,5.69,0.44,2146184.38,80729699.11,58068409.54,0,1,1,0,1,2,AG2,
08264,동양생명,3.44,3.62,6.24,17.1,,1844310000,1249534000,0,1,1,1,,,AG3,재무정보 미제공
08274,한화엔진,16.28,3.4,0.42,260.96,192402425.66,610032817.12,64892138.65,1,1,1,1,1,0,AG2,
08280,비보존 제약,-12.41,21.18,-2.4,-81.31,774505.78,97736879.82,36159516.83,0,1,1,0,1,2,AG2,
08285,우리바이오,0.9,15.37,5.71,13.85,1364455.53,265901934.93,133422725.43,0,1,1,1,1,1,AG2,
08292,비츠로셀,34.42,0.53,0.02,5566.49,270094.25,339580931.56,2044340.93,1,1,1,1,1,0,AG2,
08331,엘오티베큠,-4.31,9.74,9.57,21.04,560763.92,241451788.4,31993071.48,0,1,1,1,1,1,AG2,
08342,그린케미칼,6.59,24.44,2.68,39.79,1429090.59,127452886.76,53569996.9,1,1,1,1,1,0,AG2,
08345,GST,18.61,2.75,0.15,484.36,4497382.98,313408658.26,11445020.83,1,1,1,1,1,0,AG2,
08347,이엠앤아이,-61.99,15.42,-0.51,-212.54,109128.73,8950087.15,2103752.69,0,1,1,0,1,2,AG2,
08350,에프엔에스테크,34.69,16.33,1.22,73.24,336298.93,88054189.36,20186978.75,1,1,1,1,1,0,AG2,
08355,케이엠,1.45,16.15,5.31,36.44,404576.98,131444897.09,29415201.85,0,1,1,1,1,1,AG2,
08364,인콘,-6.82,0.7,0.56,229.23,237194.22,77043349.05,593141.9,0,1,1,1,1,1,AG2,
08365,비에이치아이,13.21,13.2,1.13,48.14,48297654.86,182960527.46,119152386.88,1,1,1,1,1,0,AG2,
08366,CSA 코스믹,-19.29,33.14,-3,-53.61,676099.23,25790115.21,16705294.24,0,1,1,0,1,2,AG2,
08379,CG인바이츠,-107.87,26.26,-3.15,-8.52,1324420.11,112842347.53,56943704.22,0,1,1,0,1,2,AG2,
08393,아바코,-22.74,1.38,0.14,652.33,836559.05,210381225.13,5212916.89,0,1,1,1,1,1,AG2,
08401,대한제강,0.02,3.02,1.52,98.9,3292616.18,927713843.53,37733525.15,0,1,1,1,1,1,AG2,
08411,휴온스글로벌,11.14,19.15,2.45,40.25,5799762.14,1095967238.61,299201023.86,1,1,1,1,1,0,AG2,
08418,수성웹툰,15.86,30.32,3.5,-37.81,1593270.33,78582219.23,52926686.15,1,1,1,0,1,1,AG2,
08437,유진테크,22.34,2.18,0.18,540.61,282246.92,511034615.14,13678355.86,1,1,1,1,1,0,AG2,
08444,유비온,12.83,18.19,2.04,48.3,50782.6,7986382.42,4791179.41,1,1,1,1,1,0,AG2,
08465,랩지노믹스,-13.46,26.16,-1.44,-98.51,1851574.45,149155621.25,61466442,0,1,1,0,1,2,AG2,
08467,동양고속,5.94,51.17,7.49,10.22,933605.1,54596446.37,79066985.69,1,0,1,1,1,1,AG2,
08468,이월드,1.05,34.44,14.16,-3.42,1965067.15,213118212.72,139734293,0,1,0,0,1,3,AG3,score
08469,대상홀딩스,9.19,44.12,4.73,-2.88,27705309.83,1339207865.21,2049756824.91,1,1,1,0,1,1,AG2,
08473,팅크웨어,-2.86,33.69,8.75,-15.64,2497504.75,210094034.86,135738165.74,0,1,1,0,1,2,AG2,
08485,아이티엠반도체,4.76,68.34,6.46,-9.94,5799961.01,93996807.67,319044981.81,0,0,1,0,1,3,AG3,score
08487,TBH글로벌,1.28,23.7,1.97,36.85,1443717.46,58684074.16,25497932.32,0,1,1,1,1,1,AG2,
08499,헬릭스미스,-325.4,0.03,0,962.37,425169.1,140277764.93,35925.38,0,1,1,1,1,1,AG2,
08531,엔케이,1.67,8.05,4.07,22.88,237953.24,168845211.56,18410760.29,0,1,1,1,1,1,AG2,
08562,미래에셋생명,2.76,1.85,2.31,43.51,,2411771191.92,598686130,0,1,1,1,,,AG3,재무정보 미제공
08566,차바이오텍,-4.68,34.22,-96.64,-7.18,33067805.68,1017386448.37,953234679.91,0,1,1,0,1,2,AG2,
08567,뉴프렉스,10.87,13.87,1.03,93.41,591765.13,108342798.97,22522530.51,1,1,1,1,1,0,AG2,
08581,알티캐스트,-4.02,14.41,2.75,-0.14,353589.57,52274625.01,11349440.92,0,1,1,0,1,2,AG2,
08591,네오티스,17.7,38.75,4.65,24.45,922438.38,73227025.46,55245990.96,1,1,1,1,1,0,AG2,
08604,바이오톡스텍,-5.91,47.82,-75.37,3.43,1580357.36,29246890.84,62192209.9,0,1,1,0,1,2,AG2,
08606,진바이오텍,5.12,20.68,3.09,31.12,572107.24,55095348.42,16431818.23,1,1,1,1,1,0,AG2,
08628,현대글로비스,9.41,20.51,1.41,61.08,42640771.07,10427408222.41,4075561567.9,1,1,1,1,1,0,AG2,
08639,유니테스트,-11.31,28.98,-3.79,-26.74,425224.35,93630654.12,53253294.67,0,1,1,0,1,2,AG2,
08645,동국제약,14.22,6.23,0.52,157.3,3769981.37,780603027.97,67979506,1,1,1,1,1,0,AG2,
08652,에코프로,6.89,41.39,11.01,6.65,74142760.93,5033603344.98,4582954111.87,1,1,0,0,1,2,AG2,
08667,비엠티,8.95,34.81,4.75,25.89,1409864.92,147153933.69,95574270,1,1,1,1,1,0,AG2,
08671,선진뷰티사이언스,15.84,39.78,6.16,20.98,823693.95,88191307.35,71828023.01,1,1,1,1,1,0,AG2,
08679,하나금융지주,7.12,15.54,14.84,5.73,,46442152000,106517330000,1,1,0,0,,,AG3,재무정보 미제공
08682,바이오솔루션,-19.07,28.54,-4.44,,679002.5,41943356.99,18939274.8,0,1,1,,1,,AG3,재무정보 미제공
08689,이수앱지스,-23.57,13.37,6.01,10.85,1504749.29,115418842.24,20457312.17,0,1,1,1,1,1,AG2,
08690,메디톡스,12.15,22.19,3.22,39.87,2192476,379705188.06,125326651.97,1,1,1,1,1,0,AG2,
08696,MDS테크,10.39,9.4,1.69,38.49,2608321.48,153643308.43,20609300.34,1,1,1,1,1,0,AG2,
08698,쇼박스,44.73,0.3,0.01,4214.31,12124.45,125359170.73,631123.49,1,1,1,1,1,0,AG2,
08701,펩트론,-253.42,17.26,-1.52,-69.96,1602350.42,135973854.41,30102400.65,0,1,1,0,1,2,AG2,
08726,모바일어플라이언스,-61.25,14.68,-3,-46.35,953725.43,46152778.32,8971698.67,0,1,1,0,1,2,AG2,
08760,픽셀플러스,-11.17,15.48,-3.9,-6.27,313265.47,83571296.7,16299437.12,0,1,1,0,1,2,AG2,
08813,동아엘텍,14.09,14.63,0.71,95.99,47024396.82,287141735.41,90178430.05,1,1,1,1,1,0,AG2,
08828,쏘닉스,-13.06,22.12,-6.2,-11.94,440207.18,33923503.99,11370978.95,0,1,1,0,1,2,AG2,
08829,이원컴포텍,-5.47,21.57,1.6,-34.95,835067.69,7291446.72,4835133.22,0,1,1,0,1,2,AG2,
08834,유라클,-1.86,14.68,-1.17,-147.99,48950.79,18596644.04,4889904.42,0,1,1,0,1,2,AG2,
08835,한화생명,5.46,11.87,14.11,6.7,,17826178000,21111335000,1,1,0,0,,,AG3,재무정보 미제공
08839,이녹스,12.09,20.31,9.66,35.1,1555411.06,212721955.19,68114539.37,1,1,1,1,1,0,AG2,
08879,진도,17.44,11.39,1.96,56.01,250810.41,113586981.55,15746593.53,1,1,1,1,1,0,AG2,
08880,에이스테크,-5.22,28.44,-5.33,-28.87,2958561.79,66014501.81,73574393.21,0,1,1,0,1,2,AG2,
08891,동우팜투테이블,6.7,4.49,0.63,216.67,102565.34,245394948.63,12957349.91,1,1,1,1,1,0,AG2,
08901,켐트로닉스,9.56,55.25,7.48,11.72,11102379.58,250131331.69,429482725.99,1,0,1,1,1,1,AG2,
08903,테크윙,26.48,57.9,9.38,6.52,7590669.08,201476717.02,376746516.23,1,0,1,0,1,2,AG2,
08914,넥스턴앤롤코리아,17.41,25.49,9.26,8.92,1586721.85,228740480.44,91317874.37,1,1,1,0,1,1,AG2,
08915,케이씨티,11.92,22.25,2.71,26.41,171842.97,34588723.32,12261249.18,1,1,1,1,1,0,AG2,
08923,THE E&M,-28,37.91,-6.02,-79.75,15591241.49,54216447.92,43348108.65,0,1,1,0,1,2,AG2,
08947,HDC현대EP,4.43,23.44,2.75,26.98,4105266.01,355910871.89,162012506.86,0,1,1,1,1,1,AG2,
08959,제주항공,20.86,47.96,8.7,8.07,13420132.97,290223023.14,1228098996.52,1,1,1,0,1,1,AG2,
08960,KT나스미디어,25.36,4.83,0.66,90.03,364807.81,195435787.2,18621923.5,1,1,1,1,1,0,AG2,
08979,제이티,8.52,17.29,6.27,27.21,822403.35,66852649.64,16642034.95,1,1,1,1,1,0,AG2,
08985,유비벨록스,0.4,43.42,8.38,-3.22,3313933.32,261259258.75,254723524.16,0,1,1,0,1,2,AG2,
08986,롯데렌탈,48.72,59.76,3.22,27.16,42115505.5,1547049824.61,4541865415.09,1,0,1,1,1,1,AG2,
08989,코세스,13.3,2.62,0.19,878.1,22093.5,89633323.34,3029495.12,1,1,1,1,1,0,AG2,
08997,브이엠,34.62,6.72,0.35,279.33,790905.95,204040542.05,19236951.66,1,1,1,1,1,0,AG2,
08998,상아프론테크,13.03,35.45,6,17.49,2173732.05,203884491.24,139127213.64,1,1,1,1,1,0,AG2,
09008,평화산업,4.68,23.98,2.6,43.08,1037444.95,70694989.73,69960290.26,0,1,1,1,1,1,AG2,
09015,아이윈,8.05,34.51,4.05,24.68,560160.4,53263898.58,39203048.45,1,1,1,1,1,0,AG2,
09035,노루페인트,6.72,10.07,1.46,63.73,1241063.58,416981774.68,71571677.21,1,1,1,1,1,0,AG2,
09036,로보스타,1.4,0.19,-0.11,-451.62,158672.01,87806072.25,214669.73,0,1,1,0,1,2,AG2,
09037,메타랩스,4.23,33.44,-46.39,-13.55,1316571.58,141524536.59,80458353.2,0,1,1,0,1,2,AG2,
09041,덕신이피씨,2.92,30.23,82.35,3.55,419051.42,125682253.22,64019600.18,0,1,0,0,1,3,AG3,score
09043,아모레퍼시픽,16.81,5.05,0.58,133.07,3426759.62,5525338853.27,355595031.18,1,1,1,1,1,0,AG2,
09046,비에이치,7.43,20.67,1.87,56.79,7383169,825032764.51,289331661.03,1,1,1,1,1,0,AG2,
09047,제이스로보틱스,-98.24,7.84,-0.69,-145.98,1961777.45,129888963.53,15496613,0,1,1,0,1,2,AG2,
09071,휴림로봇,-10.24,8.84,-1.68,-64.65,5295412.5,227339972.11,26263034.54,0,1,1,0,1,2,AG2,
09085,현대이지웰,19.54,2.46,0.23,386.76,156720,111610596,6343846,1,1,1,1,1,0,AG2,
09112,이엠텍,-9.87,34.53,-25.04,3.48,1302434.43,194990374.38,114159618.13,0,1,1,0,1,2,AG2,
09134,S&K폴리텍,12,29.45,3.2,25.29,3283929.62,149790738.47,77275331.54,1,1,1,1,1,0,AG2,
09144,한울소재과학,-201.44,65.22,-4.07,-48.13,1839043.18,33585717.25,77181836.99,0,0,1,0,1,3,AG3,score
09158,상신이디피,14.93,40.27,3.79,22.19,1427659.14,166793301.68,146278850.66,1,1,1,1,1,0,AG2,
09159,남화토건,2.35,0,,,321.17,176951472.55,,0,1,,,1,,AG3,재무정보 미제공
09170,파트론,5.83,10.59,0.85,124.17,511819.7,564387319.62,89069002.57,1,1,1,1,1,0,AG2,
09181,트리니티항공,11.72,34.89,-39.84,-18.55,60491391.97,107333042.34,766560642.89,1,1,1,0,1,1,AG2,
09197,나노캠텍,-10.14,43.62,19.97,-26.93,1112606.98,21725494.65,31095027.56,0,1,0,0,1,3,AG3,score
09204,아미코젠,-5.96,29.15,-10.34,4.96,3576173.34,133348055.05,62279976.53,0,1,1,0,1,2,AG2,
09207,디엔에프,12.32,0.25,0.05,2994.61,288464.87,148788448.8,406933.19,1,1,1,1,1,0,AG2,
09213,이크레더블,12.15,0.13,0,12318.14,1269.29,33193823.68,72492.42,1,1,1,1,1,0,AG2,
09219,서울바이오시스,15.69,29.06,2.15,33.8,9745579.08,189530865.66,207532180,1,1,1,1,1,0,AG2,
09220,디아이씨,7.91,46.75,6.32,10.14,3904028.47,177742793.35,339564484.81,1,1,1,1,1,0,AG2,
09223,KPX홀딩스,8.1,13.33,3.43,78.28,31125219.29,1669173372.83,304830715.37,1,1,1,1,1,0,AG2,
09230,현우산업,9.26,11.03,0.99,83.04,2636278.1,116910318.24,22182021.03,1,1,1,1,1,0,AG2,
09244,기신정기,-1.62,0.21,0.93,473.65,8531.52,246535079.58,546407.6,0,1,1,1,1,1,AG2,
09246,한라IMS,17.01,20.19,2.34,85.19,346477.3,195256857.36,60798203.23,1,1,1,1,1,0,AG2,
09260,앤씨앤,1.17,22.83,-2.18,45.6,326796.12,37686901.8,13422213.06,0,1,1,1,1,1,AG2,
09273,네오팜,26.38,0.73,0.05,3093.13,166963.07,192106538.06,1650992,1,1,1,1,1,0,AG2,
09278,DYP,6.69,44.11,6.24,13.81,2876137.95,154401421.46,224164589.17,1,1,1,1,1,0,AG2,
09279,넥스틸,6.85,25.42,5.29,23.5,5350342.45,468498285.53,188941153.97,1,1,1,1,1,0,AG2,
09287,엑시콘,-11.45,7.29,2.36,123.55,238567.82,195962194.42,16437110,0,1,1,1,1,1,AG2,
09305,LF,14.46,30,3.44,23.73,11603620.95,1830990534.29,930502224,1,1,1,1,1,0,AG2,
09319,빅솔론,19.73,1.6,0.16,800.41,602024.8,229413223.12,4423991,1,1,1,1,1,0,AG2,
09324,형지엘리트,5.19,26.93,,,967640.65,117990013.53,57784744.16,1,1,,,1,,AG3,재무정보 미제공
09332,케이아이엔엑스,35.99,19.37,1.26,73.17,708066.49,251405435.65,67546023,1,1,1,1,1,0,AG2,
09337,후성,14.92,36.21,3.56,15.32,3979369.25,408994876.26,311338006.29,1,1,1,1,1,0,AG2,
09338,풍강,11.17,6.99,1.11,88.31,16722.11,73616012.45,6698194.9,1,1,1,1,1,0,AG2,
09352,매커스,16.64,9.67,0.84,87.43,3287963.23,117664788.28,24124563,1,1,1,1,1,0,AG2,
09364,케이알엠,-92.21,30.48,-3.9,-35.1,567788.61,69225085.33,31111003.94,0,1,1,0,1,2,AG2,
09392,서원인텍,5.7,6.45,2.15,79.84,128979.82,214247280.22,16050900,1,1,1,1,1,0,AG2,
09417,동운아나텍,-3.79,15.81,4.63,65.17,2631248.52,66786896.87,17962488,0,1,1,1,1,1,AG2,
09428,효성ITX,8.33,18.57,0.77,146.52,545205.28,74061647.87,36684968.82,1,1,1,1,1,0,AG2,
09436,칩스앤미디어,12.76,12.37,1.45,149.76,225802.07,83887153.48,13042166.68,1,1,1,1,1,0,AG2,
09448,갤럭시아머니트리,14.79,33.95,7.13,7.57,1737727,118920005.57,147204111.71,1,1,1,0,1,1,AG2,
09482,일진파워,14.08,25.59,2.32,41.41,1302416.85,154971333.05,83150163.18,1,1,1,1,1,0,AG2,
09484,슈프리마에이치큐,14.9,0.01,0.01,61548.31,2553853.57,244292623.73,36305,1,1,1,1,1,0,AG2,
09485,참좋은여행,8.44,1.07,0.14,280.04,21247.21,100319784.11,1788326.37,1,1,1,1,1,0,AG2,
09486,네오리진,-6.79,16.8,-3.59,-53.69,214969.12,32292113.31,7464924,0,1,1,0,1,2,AG2,
09494,푸른로보틱스,-3.47,9.25,4.73,11.91,968772.44,35960164.56,4228407,0,1,1,1,1,1,AG2,
09497,제이엠티,10.96,4.16,0.36,429.86,196609.59,193987904.71,11337887.13,1,1,1,1,1,0,AG2,
09519,신화프리텍,15.02,30.45,13.17,5.44,1018940.07,109820465.06,70457464,1,1,0,0,1,2,AG2,
09527,웨이브일렉트로,-2.28,14.01,12.72,37.44,269775.54,51910745.01,14597611.63,0,1,0,1,1,2,AG2,
09550,미래나노텍,10.16,32.88,6.62,15.17,6460260.44,377608681.05,228518742.48,1,1,1,1,1,0,AG2,
09557,AJ네트웍스,23,66.83,4.85,16.82,14186827,458916610,1201867794,1,0,1,1,1,1,AG2,
09561,테스,25.53,9.17,0.68,224.94,12835655.88,410034733.63,49375921.99,1,1,1,1,1,0,AG2,
09566,네오위즈,10.23,0.46,0.04,2063.95,5680561.32,560420429.17,3041096.43,1,1,1,1,1,0,AG2,
09570,제넥신,-1692.85,29.37,-3.54,-14.32,1857273.82,229656114.48,104298795.08,0,1,1,0,1,2,AG2,
09572,웅진씽크빅,5.8,39.82,5.22,18.55,3238142.29,246994908.61,285467461.35,1,1,1,1,1,0,AG2,
09591,에스에너지,-16.07,42.53,-9.12,-21.32,5109365.4,71041322.39,98603733.19,0,1,1,0,1,2,AG2,
09624,크레버스,15.12,23.86,1.51,52.65,933913.09,47989599.34,42461037.2,1,1,1,1,1,0,AG2,
09625,와이즈넛,-16.23,0.63,0.13,1877.95,124834.2,65609397.81,463494.13,0,1,1,1,1,1,AG2,
09635,대창솔루션,9.39,50.04,18.55,-4.75,649416.18,37024131.74,73632722.44,1,0,0,0,1,3,AG3,score
09653,씨젠,31.07,10.29,1.15,91.05,4342984.12,1023380557.74,129203981.96,1,1,1,1,1,0,AG2,
09661,알에프세미,7.32,8.73,1.32,74.93,80230,15847370.34,1966181.01,1,1,1,1,1,0,AG2,
09663,에스코넥,4.64,23.73,2.11,53.81,463657.56,89129715.16,37527329.93,0,1,1,1,1,1,AG2,
09669,에이루트,-12.95,33.58,-11.61,-20.1,785064.23,102289725.59,62396089.95,0,1,1,0,1,2,AG2,
09676,JW홀딩스,25.78,28.95,1.65,42.92,7881211.7,605848046.61,366499174.75,1,1,1,1,1,0,AG2,
09677,SK이노베이션,11.8,37.38,7.85,-2.59,4290594995,38110038132,41158795296,1,1,1,0,1,1,AG2,
09687,엘디티,-19.18,0.28,0.09,5056.86,867.15,20037101.84,63351.99,0,1,1,1,1,1,AG2,
09723,HJ중공업,5.91,19.34,4.11,19.75,14893000,693951000,474009000,1,1,1,1,1,0,AG2,
09752,엠씨넥스,8.13,6.2,0.41,276.58,237435.51,393630573.05,37590263.8,1,1,1,1,1,0,AG2,
09778,에코볼트,0.39,1.18,0.36,-349.73,721295.14,212187523.48,2768208,0,1,1,0,1,2,AG2,
09780,윈팩,-9.27,40.94,16.96,2.28,857212.24,60732375.08,51502371.65,0,1,0,0,1,3,AG3,score
09787,효성오앤비,32.81,9.11,1.91,21.08,1122303.37,80765405.83,8507824.77,1,1,1,1,1,0,AG2,
09795,CJ제일제당,8.9,40.12,4.5,10.51,244579650,12027234989,12447573952,1,1,1,1,1,0,AG2,
09807,한텍,16.24,0.92,0.05,151.35,109822.54,166309854.31,2079125.25,1,1,1,1,1,0,AG2,
09812,마이크로컨텍솔,21.49,3.01,0.16,793.63,18419.41,86028492.5,3135107.64,1,1,1,1,1,0,AG2,
09846,고영,18.49,3.6,0.41,232.88,179841.39,343890711.48,15700224,1,1,1,1,1,0,AG2,
09866,에스티오,6.37,53.12,7.45,4.71,650281.54,21169972.92,39384518.63,1,0,1,0,1,2,AG2,
09919,아이센스,7.12,28.86,7.39,5.93,2124153.78,356486849.15,170564913.16,1,1,1,0,1,1,AG2,
09922,SDN,3.75,35.33,14.18,-0.67,1021111.81,74841964.07,54822260.03,0,1,0,0,1,3,AG3,score
09932,쎄트렉아이,4.87,6.05,1.45,117.94,529072.69,234329606.46,22404172.98,0,1,1,1,1,1,AG2,
09939,브레인즈컴퍼니,-26.27,2.02,0.34,502.8,516028.42,53152430.47,1181530.66,0,1,1,1,1,1,AG2,
09941,동방선기,20.85,16.99,0.97,88.65,113274.22,51311134.72,11573970.15,1,1,1,1,1,0,AG2,
09943,바이오플러스,25.87,21.53,3.55,39.52,385932.53,199018789.42,64047525.03,1,1,1,1,1,0,AG2,
09944,스맥,-12.93,58.37,-8.17,-17.23,1869301.49,94255393.44,179411582.4,0,0,1,0,1,3,AG3,score
09952,DGI,-5.35,4.36,-0.93,-133.73,17182.58,22683536.83,1219621.17,0,1,1,0,1,2,AG2,
09975,이지케어텍,6.89,2.47,0.36,196.66,98828.18,41849114.11,1400358,1,1,1,1,1,0,AG2,
10003,인지소프트,25.7,2.84,0.63,2343.18,4289329,79736567.84,2632991.95,1,1,1,1,1,0,AG2,
10009,SK오션플랜트,11.9,17.48,2.46,25.87,12474262.49,824411925.28,202015994.62,1,1,1,1,1,0,AG2,
10012,뷰웍스,19,20.07,1.95,49.22,1908760.09,242734599,71596829.81,1,1,1,1,1,0,AG2,
10022,비상교육,36.69,31.19,2.62,26.54,1173039.55,222844645.4,130531996,1,1,1,1,1,0,AG2,
10025,진양홀딩스,7.42,20.05,8.23,37.81,5630383.9,471239387.97,151580914.75,1,1,1,1,1,0,AG2,
10059,머큐리,-1.83,9.9,5.85,28.42,829590,143457391.28,18391164.03,0,1,1,1,1,1,AG2,
10066,서암기계공업,3.22,5.98,,,13920.55,68421411.52,4926408.7,0,1,,,1,,AG3,재무정보 미제공
10070,세운메디칼,27.3,0.49,0.05,1802.71,7279.24,156242116.66,816550,1,1,1,1,1,0,AG2,
10079,미래에셋벤처투자,28.58,0.74,0.15,495.7,,389621245.3,8000000,1,1,1,1,,,AG3,재무정보 미제공
10084,SNT에너지,19.61,0.51,0.02,3198.22,3232142.18,387543687.85,3055030,1,1,1,1,1,0,AG2,
10100,KS인더스트리,-2.5,25.38,-14.4,-21.54,530727.27,41981273.05,19886414.35,0,1,1,0,1,2,AG2,
10114,인바이오젠,-124.35,2.77,-1.1,-722.93,47367.77,142975458.8,4108425.28,0,1,1,0,1,2,AG2,
10116,월덱스,26.28,9.36,0.58,138.55,405923.03,364087697.53,42714418.32,1,1,1,1,1,0,AG2,
10117,우림피티에스,5.25,0.04,0.01,4756.39,56246.46,82923622.46,40416,1,1,1,1,1,0,AG2,
10124,씨큐브,24.18,12.31,1.27,70.4,395219.12,112022799.31,17084293,1,1,1,1,1,0,AG2,
10133,모베이스,7.33,22.26,2.56,32.61,7131693.29,487164316.3,249732842.15,1,1,1,1,1,0,AG2,
10136,에코앤드림,5.43,53.79,64.18,-1.41,835001.24,213275744.19,272212288.39,1,0,0,0,1,3,AG3,score
10139,아이엠,-1.4,41.64,107.07,7.58,355711.08,8441180.01,24342821.53,0,1,0,0,1,3,AG3,score
10140,엔시트론,-8.8,5.64,-0.71,-10.16,205793.28,35947119.22,2488462.39,0,1,1,0,1,2,AG2,
10149,에스앤에스텍,24.71,8.71,0.54,283.12,652254.56,322298646.09,35355733.99,1,1,1,1,1,0,AG2,
10153,해태제과식품,11.72,30.06,2.99,24.88,2298007.42,309580931.54,213012740.58,1,1,1,1,1,0,AG2,
10167,하이드로리튬,-281.49,10.11,-0.56,,182247.95,28739797.56,8052677.79,0,1,1,,1,,AG3,재무정보 미제공
10168,한국정밀기계,-29.75,17.66,-2.42,-53.08,173836.59,32705597.62,13800000,0,1,1,0,1,2,AG2,
10173,위메이드맥스,-20.56,11.77,-2.36,-24.53,1266490.05,451835919.45,65255437.95,0,1,1,0,1,2,AG2,
10193,인화정공,19.92,13.75,2.89,44.1,485716.27,341275509.25,62202781.38,1,1,1,1,1,0,AG2,
10197,우양에이치씨,14.33,10.33,3.94,3.58,1111054.39,189200112.53,25515454.81,1,1,1,0,1,1,AG2,
10212,어보브반도체,12.59,32.59,3.25,20.67,1868471.44,155740323.54,92233131.18,1,1,1,1,1,0,AG2,
10226,동성케미컬,12.08,17.26,1.31,68.1,3661984,660960325.05,200559493.92,1,1,1,1,1,0,AG2,
10237,케이옥션,3.9,39.64,-40.1,-4.88,1282321.6,104892908.48,77566214.71,0,1,1,0,1,2,AG2,
10246,이연제약,3.43,48.24,-88.14,-4.11,3727230.79,209583874.42,219172545,0,1,1,0,1,2,AG2,
10271,이엔에프테크놀로지,23.26,27.79,1.57,47.19,3627502.13,476811039.11,214900105,1,1,1,1,1,0,AG2,
10294,코오롱생명과학,11.02,9.7,3.66,37.31,1481109.05,784131020.7,111384483.65,1,1,1,1,1,0,AG2,
10314,풍산,9.08,23.95,2.76,26.74,23879534.41,2347791134.2,1137131641.09,1,1,1,1,1,0,AG2,
10323,에스앤더블류,6,18.21,5.34,25.68,62911.57,53602954.02,15777032,1,1,1,1,1,0,AG2,
10359,일진전기,10.96,13.88,1.23,75.5,24142128,603094009,227681833,1,1,1,1,1,0,AG2,
10384,우양,6.44,45.61,5.73,13.67,956130.7,46334924.67,70710245.51,1,1,1,1,1,0,AG2,
10404,디에스엠,-13.13,46.53,,,852736.85,110941201.08,123919193.25,0,1,,,1,,AG3,재무정보 미제공
10420,NHN벅스,8.73,2.96,0.64,-99.83,17660.55,51152167.61,1961350.8,1,1,1,0,1,1,AG2,
10446,디와이피엔에프,7.03,15.52,1.65,48.77,464641.49,147020292.27,37446834,1,1,1,1,1,0,AG2,
10448,티케이케미칼,5.83,7.13,9.51,37.61,1941590.96,1278492347.2,110169889.11,1,1,1,1,1,0,AG2,
10454,코렌텍,8.87,19.64,2.23,24.54,408602.94,90376554.54,31487573.67,1,1,1,1,1,0,AG2,
10462,노랑풍선,10.42,21.49,3.66,8.4,313235.26,42450708.13,26633336.91,1,1,1,0,1,1,AG2,
10470,한국철강,-10,0.01,0,-274.31,1602.62,744674821.82,81472,0,1,1,0,1,2,AG2,
10483,원익머트리얼즈,27.22,12.27,0.87,120.65,397367.75,534615835.62,81744164.74,1,1,1,1,1,0,AG2,
10533,케이엔더블유,3.47,46.94,37.32,0.7,1303122.75,120415825.81,131190798.94,0,1,0,0,1,3,AG3,score
10555,엣지파운드리,-36.05,19.59,-2.99,24.73,1073425.15,129136782.52,35267481,0,1,1,1,1,1,AG2,
10556,KB금융,9.61,16.52,13.9,5.29,,61140136000,137056576000,1,1,0,0,,,AG3,재무정보 미제공
10563,한세실업,5.03,41.47,5.3,15.26,7930158.98,721841243.71,654214199.76,1,1,1,1,1,0,AG2,
10574,디케이락,3.83,22.02,3.78,24.95,481822.18,135315403.87,52396174.49,0,1,1,1,1,1,AG2,
10576,포스뱅크,9.57,12.4,1.9,65.28,333494.05,81219842.83,13425444.79,1,1,1,1,1,0,AG2,
10584,우진,15.87,3.79,0.5,262,474634.06,241620041.88,11620306.19,1,1,1,1,1,0,AG2,
10608,케이이엠텍,-397.63,31.42,-1.64,-103.56,1069770.15,26590413.59,17077502.51,0,1,1,0,1,2,AG2,
10619,하이텍팜,2.1,0.02,0,361.95,311.97,128809516.99,27128,0,1,1,1,1,1,AG2,
10624,파인테크닉스,-8.44,26.55,-6.6,-50.3,627134.93,79148024.35,34587045.4,0,1,1,0,1,2,AG2,
10652,노블엠앤비,-58.44,28.74,-3.42,-5.34,14628.92,1836732.43,5448214.76,0,1,1,0,1,2,AG2,
10759,미원홀딩스,9.12,16.06,2.69,45.17,1103865.08,342075297.75,90956063.78,1,1,1,1,1,0,AG2,
10760,새빗켐,3.64,42.14,-9.24,-32.93,376300.15,45227001.26,35940383.7,0,1,1,0,1,2,AG2,
10764,한중엔시에스,5.94,38.22,8.1,17.47,1321740.6,103560791.48,100866831,1,1,1,1,1,0,AG2,
10823,톱텍,21.43,10,7.16,-6.76,1263647.48,395579476.72,55514319.84,1,1,1,0,1,1,AG2,
10832,LX세미콘,7.8,2.53,0.35,218.73,12178024.78,1113772832.17,38042905.75,1,1,1,1,1,0,AG2,
10838,대양전기공업,15.17,0.1,0.01,13350.29,396698.4,274614320.43,332209.17,1,1,1,1,1,0,AG2,
10849,로보티즈,-94.27,0.06,-0.03,-2934.36,1096275.66,357534544.66,224045.36,0,1,1,0,1,2,AG2,
10867,LX하우시스,9.88,36.22,4.19,16.39,10326000,873799000,859188000,1,1,1,1,1,0,AG2,
10886,셀바스AI,5.66,5.68,1.98,37.15,1173757.84,264119396.52,17683453.19,1,1,1,1,1,0,AG2,
10907,주성코퍼레이션,-0.47,12.15,1.92,56.26,256728.73,30214730.93,5166111.37,0,1,1,1,1,1,AG2,
10908,옵티시스,21.61,5.1,0.7,169.83,501637.81,60065229.61,3433407.55,1,1,1,1,1,0,AG2,
10961,에스와이,1.32,33.86,26.6,-2.41,1788096.11,242418870.96,168798924.03,0,1,0,0,1,3,AG3,score
10967,씨싸이트,-1.22,23.92,8.98,9.35,2385496.52,53829197.7,24355820.56,0,1,1,0,1,2,AG2,
10974,디에스케이,-95.6,16.12,-1.27,-73.19,261676.91,112878242.38,23606064,0,1,1,0,1,2,AG2,
10982,진매트릭스,-7.97,13.74,-19.97,-20.04,190842.04,17249997.8,3714154,0,1,1,0,1,2,AG2,
10986,동일금속,8.64,6.5,1.77,76.54,1929327.97,155445472.72,12000000,1,1,1,1,1,0,AG2,
10996,앱토크롬,-18.82,1.97,-2.34,-116.81,4299041.49,303450452.3,6244603.39,0,1,1,0,1,2,AG2,
11002,전진바이오팜,-2.19,0,,733.65,6170.83,17237168.55,,0,1,,1,1,,AG3,재무정보 미제공
11079,크리스에프앤씨,-3.57,40.34,27.69,-3.04,5591237.96,398555702.41,319668343,0,1,0,0,1,3,AG3,score
11099,디아이티,34.57,0.16,0.01,790.65,154091.56,244470912.28,458777.51,1,1,1,1,1,0,AG2,
11111,호전실업,1.59,49.33,7.6,9.8,2236459.89,186325957.97,225156541.66,0,1,1,0,1,2,AG2,
11138,동인기연,13.73,35.29,3.32,21.65,2530215.6,157764661.78,109610943,1,1,1,1,1,0,AG2,
11171,남화산업,-10.71,0,,,8534.63,184540330.43,,0,1,,,1,,AG3,재무정보 미제공
11177,영원무역,16.66,9.81,0.89,116.42,7366653.34,4314906724.83,594735627.68,1,1,1,1,1,0,AG2,
11204,위메이드,12.15,11.38,2.7,28.39,7004203.08,799630658.11,201445252,1,1,1,1,1,0,AG2,
11229,와이씨켐,12.39,49.11,11.91,16.79,1476486.81,49699217.09,79244240.64,1,1,0,1,1,1,AG2,
11261,씨에스윈드,15.07,36.04,2.89,11.04,37044022.02,1256884294.52,1236640217.95,1,1,1,1,1,0,AG2,
11381,디젠스,8,23.57,6.44,15.36,208907.82,25734275.73,15344996.27,1,1,1,1,1,0,AG2,
11409,GKL,23.95,7.14,0.55,158.93,600668.44,434399628.72,45779585.9,1,1,1,1,1,0,AG2,
11419,강원에너지,0.3,31.7,-12.71,-6.9,7518309.61,62932602.73,52223537.65,0,1,1,0,1,2,AG2,
11445,그린생명과학,4.87,9.38,1.92,71.51,244197.22,40042575.57,5255755.68,0,1,1,1,1,1,AG2,
11463,폴라리스우노,10.53,9.65,1.47,59.36,140997.33,127521713.58,14707010.19,1,1,1,1,1,0,AG2,
11481,한솔아이원스,19.5,5.12,0.34,189.5,,215394718.76,12911539.84,1,1,1,1,,,AG3,재무정보 미제공
11484,아이패밀리에스씨,7.98,7.93,0.45,176.61,96879.79,105520581.35,11732892.11,1,1,1,1,1,0,AG2,
11516,휴맥스,5.66,21.77,-10.22,-12.36,9607704.43,130737560.01,106755237.55,1,1,1,0,1,1,AG2,
11518,큐리언트,-380.59,23.84,-0.44,-463.81,528218.59,32824175.54,13042778.41,0,1,1,0,1,2,AG2,
11531,인포바인,27.89,1.75,0.25,356.26,18119.4,93881161.94,1807727,1,1,1,1,1,0,AG2,
11544,우리넷,-27.73,16.77,25.65,12.49,185963.73,98725087.62,22851985.49,0,1,0,1,1,2,AG2,
11545,HLB테라퓨틱스,-20.05,17.58,-22.92,-16.44,604500.66,176017744.03,40323371,0,1,1,0,1,2,AG2,
11548,씨유메디칼,22.61,34.92,3.01,15.47,495813.12,73790206.56,46942956,1,1,1,1,1,0,AG2,
11550,케이씨에스,6.17,0.29,0.03,1803.56,138909,17878689.85,73970.07,1,1,1,1,1,0,AG2,
11553,씨엔플러스,-1.47,44.08,11.66,-2.19,473060.93,7263582.1,24092877,0,1,0,0,1,3,AG3,score
11557,스타플렉스,8.83,15.73,1.55,57.76,147813.92,73874838.44,15668844.02,1,1,1,1,1,0,AG2,
11561,이미지스,-13.54,0.61,-0.07,-98.03,2964.24,10385274.81,89828.12,0,1,1,0,1,2,AG2,
11758,대성에너지,8.31,9.91,1.37,63.87,859752.13,358222605.78,78212237.22,1,1,1,1,1,0,AG2,
11767,알파칩스,-0.46,1.78,3.7,21.6,121877.91,42334675.46,1025937.58,0,1,1,1,1,1,AG2,
11773,티로보틱스,-23.6,20.5,-1.91,-122.99,1170951.55,55859201.41,21543504.64,0,1,1,0,1,2,AG2,
11800,메타케어,13.75,27.78,11.04,7.38,709237.6,121631938.72,52392931.29,1,1,0,0,1,2,AG2,
11899,모트렉스,10.74,38.6,5.57,10.43,15088133.18,316007722.69,359626227.49,1,1,1,1,1,0,AG2,
11950,포메탈,6.78,2.54,0.33,177.42,16439.53,51126756.08,1599000,1,1,1,1,1,0,AG2,
11961,인터로조,28.48,22.22,1.67,59.18,1677470.14,153300587.02,56046098.3,1,1,1,1,1,0,AG2,
11965,KC코트렐,7.03,27.88,-9.37,5.23,4826958.99,59793196.41,58415618.17,1,1,1,0,1,1,AG2,
11983,아이텍,19.92,13.4,3.09,-10.18,9334850.21,188631677.53,34846487.02,1,1,1,0,1,1,AG2,
11985,지엔씨에너지,10.53,10,0.86,175.17,1248102.35,232702870.3,38157924,1,1,1,1,1,0,AG2,
12003,조선선재,15.27,0.46,0.08,1443.14,117474.41,167125844.46,808710.58,1,1,1,1,1,0,AG2,
12011,코오롱인더,10.1,32.83,6.56,13.95,27792572.1,4283796419.74,2632019961,1,1,1,1,1,0,AG2,
12024,대정화금,16.54,3.3,0.43,220.41,200294.28,183872596.47,7172024.2,1,1,1,1,1,0,AG2,
12144,골프존홀딩스,10.82,21.76,4.98,15.56,2588812.88,742091773.66,237669040.84,1,1,1,1,1,0,AG2,
12160,나노신소재,18.48,24.54,4.82,15.91,3839828.15,255818707.51,94747287.84,1,1,1,1,1,0,AG2,
12180,비덴트,-1.67,2.03,-3.14,-278.77,13771012.66,603999602.02,13419756,0,1,1,0,1,2,AG2,
12185,코이즈,2.44,50.16,-2.46,-64.76,172061.11,7390916.89,13548154.54,0,0,1,0,1,3,AG3,score
12189,에스디시스템,-29.18,0.29,0.12,1109.73,408.99,11239617.1,39735,0,1,1,1,1,1,AG2,
12231,제노레이,2.26,27.25,5.52,25.18,682924.17,82604578.96,37197639.59,0,1,1,1,1,1,AG2,
12235,삼기,6.49,59.79,7.71,10.09,4689941,160070959.41,414802439.26,1,0,1,1,1,1,AG2,
12245,KX,24.16,31.62,3.05,29.16,3465036.61,489366757.07,294402554.38,1,1,1,1,1,0,AG2,
12264,예스티,11.14,29.43,9.53,9.04,870747.2,139190582.43,71895041.15,1,1,1,0,1,1,AG2,
12269,서진오토모티브,5.59,47.92,8.83,6.85,19073031.66,432014484.77,1022107714.47,1,1,1,0,1,1,AG2,
12287,와이지엔터테인먼트,17.28,1.4,0.13,133.87,7950602.36,653734649.61,12159154.94,1,1,1,1,1,0,AG2,
12290,아이마켓코리아,2.68,12.98,3.6,34.48,1541170.71,422416805.17,185973028.15,0,1,1,1,1,1,AG2,
12299,와이솔,7.86,3.39,1.21,32.43,1318843.54,291671643.23,12006177.25,1,1,1,1,1,0,AG2,
12301,알엔티엑스,22.52,29.97,2.93,11,249381.05,27895923.34,14787542,1,1,1,1,1,0,AG2,
12304,엠에스오토텍,7.51,42.33,7.36,2.65,24206955.1,672936265.76,757558617.2,1,1,1,0,1,1,AG2,
12333,제닉,13.9,4.07,0.16,488.41,52498.22,44555519.2,2719788.05,1,1,1,1,1,0,AG2,
12341,코리아에프티,9.01,20.16,1.61,60.73,2225682.28,278022812.81,113740471.34,1,1,1,1,1,0,AG2,
12342,위메이드플레이,12.23,6.49,1.24,46.77,467456.16,283151090.56,21778274.22,1,1,1,1,1,0,AG2,
12357,이엠넷,5.44,0.53,0.4,535.67,91773.31,100307716.82,735245.38,1,1,1,1,1,0,AG2,
12369,한국화장품,11.23,8.61,2.12,52.24,77116.93,35966498.11,5201606.09,1,1,1,1,1,0,AG2,
12370,SJM,9.63,3.55,0.59,179.23,350252.14,247608318.28,10750070.83,1,1,1,1,1,0,AG2,
12375,알톤,-4.55,18.53,13.47,9.98,85403.73,21953150.9,6966279,0,1,0,0,1,3,AG3,score
12384,뉴온,-11.82,3.7,-0.49,-222.09,2479788.11,87082435.15,3648596,0,1,1,0,1,2,AG2,
12386,아나패스,10.21,6.53,0.39,87.13,83965.68,76290024.7,8355482,1,1,1,1,1,0,AG2,
12389,한국자산신탁,15.75,33.42,21,7.76,,1077185617.85,581507785,1,1,0,0,,,AG3,재무정보 미제공
12450,아이티센글로벌,3.02,14.48,0.67,113.26,67724418.22,583903722.79,240808847,0,1,1,1,1,1,AG2,
12456,태웅로직스,2.01,29.11,12.86,7.29,10561051.28,257986734.39,164509986.67,0,1,0,0,1,3,AG3,score
12502,티씨머티리얼즈,6.74,20.43,1.92,47.39,226008.53,82718171.14,26230089.42,1,1,1,1,1,0,AG2,
12521,아모그린텍,12.74,38.02,3.97,21.21,1596500.39,83772365.74,70801902,1,1,1,1,1,0,AG2,
12549,한라캐스트,10.16,33.86,4.3,21.01,970331.74,108566596.52,74852644.8,1,1,1,1,1,0,AG2,
12634,비나텍,4.33,46.51,8.9,5.96,2675262.75,125211201.11,139141368.67,0,1,1,0,1,2,AG2,
12656,현대퓨처넷,12.45,1.26,0.45,226.15,168578,810338338,10949546,1,1,1,1,1,0,AG2,
12660,BGF에코머티리얼즈,8.81,23.46,5.46,18.81,2415247.25,502256301.19,186935377.83,1,1,1,1,1,0,AG2,
12664,화신정공,11.69,6.67,0.53,169.78,302325.37,128948503.97,15835170.8,1,1,1,1,1,0,AG2,
12670,하이비젼시스템,-23.15,1.58,-0.15,-668.23,142603.93,271418040.93,5214384.8,0,1,1,0,1,2,AG2,
12672,수산인더스트리,19.73,5.69,0.68,188.64,455624.63,564865327.43,40103281.97,1,1,1,1,1,0,AG2,
12673,코칩,14.39,2.23,0.36,213.18,322401.07,57154631.56,1533016.57,1,1,1,1,1,0,AG2,
12688,제이엔케이글로벌,1.87,21.6,11.19,9.46,1844474.48,154204172.54,64284834.23,0,1,0,0,1,3,AG3,score
12712,제이에스링크,-203.43,30.47,-4.45,-40.93,1021302.44,89368911.23,43673097,0,1,1,0,1,2,AG2,
12771,아시아경제,-12.66,40.92,15.74,3.65,1157226.62,99338584.83,130164237.46,0,1,0,0,1,3,AG3,score
12798,화인써키트,6.01,29.91,15.24,11.12,220407.17,44245375.98,25374177.53,1,1,0,1,1,1,AG2,
12854,에코캡,-1.46,19.69,-15.01,18.49,415082,111673411.55,33387231.29,0,1,1,1,1,1,AG2,
12866,피제이메탈,8.5,47.98,4.19,14.28,719386.39,74322052.72,78399806.69,1,1,1,1,1,0,AG2,
12882,대성산업,7.57,44.04,12.95,-2.46,7449877.62,654479833.98,780060750,1,1,0,0,1,2,AG2,
12894,한미약품,19.94,18.79,1.19,65.7,3405365.13,1478778570.3,418363219,1,1,1,1,1,0,AG2,
12926,인터지스,3.53,20.56,3.84,20.19,1671378.57,297511492.45,107943632.38,0,1,1,1,1,1,AG2,
12989,앱코,5.24,33.83,19.47,,284917.61,56996292.69,35841240,1,1,0,,1,,AG3,재무정보 미제공
12992,대성하이텍,7.75,39.07,27.13,-17.84,39655010.96,46712716.46,84646862.21,1,1,0,0,0,3,AG3,score
13050,GH신소재,13.41,42.19,8.41,-1.01,1832069.11,97576326.93,84804742.14,1,1,1,0,1,1,AG2,
13058,나이스디앤비,11.09,3.04,0.21,364.18,51496.54,113600405.89,4133669.3,1,1,1,1,1,0,AG2,
13066,한전산업,7.22,15.56,3.05,26.81,435571.69,95194687.72,33810030.63,1,1,1,1,1,0,AG2,
13074,티피씨글로벌,1.99,14.25,13.51,184.63,727399.73,81145250.23,15737647.92,0,1,0,1,1,2,AG2,
13103,옵투스제약,18.2,0.7,0.09,1334.15,17686.03,176045436.62,1377865.98,1,1,1,1,1,0,AG2,
13109,시큐브,5.14,0.63,0.07,1345.53,4461.68,48745605.64,335613.96,1,1,1,1,1,0,AG2,
13110,티엔엔터테인먼트,5.84,3.53,0.35,43.32,540648.26,65061222.84,3010532.77,1,1,1,1,1,0,AG2,
13118,딜리,8.01,0.23,0.08,2468.04,3043.14,62500998.86,156770.11,1,1,1,1,1,0,AG2,
13122,대한과학,7.94,1.55,0.15,369.07,10749.08,56551443.12,1102385.82,1,1,1,1,1,0,AG2,
13129,티에스이,33.84,7.48,0.42,233.53,2015419.79,517133069.52,50675549.2,1,1,1,1,1,0,AG2,
13137,알서포트,0.04,2.49,0.62,67.75,268453.17,96137511.24,2718947.01,0,1,1,1,1,1,AG2,
13140,이브이첨단소재,10.02,6.83,9.38,-108.09,822009.86,102010366.07,8942603.66,1,1,1,0,1,1,AG2,
13176,파인텍,-19.39,50.56,-23.05,-12.55,1585126.84,26711610.18,39391977.82,0,0,1,0,1,3,AG3,score
13197,두산테스나,53.99,31.15,1.17,74.59,1726435,442868350,212246337,1,1,1,1,1,0,AG2,
13375,메가엠디,14.27,3.07,0.39,284.09,48790.93,66942459.64,2631473.28,1,1,1,1,1,0,AG2,
13382,화인베스틸,2.75,46.8,5.96,10.71,1383693.29,50972330.71,81617964.85,0,1,1,1,1,1,AG2,
13406,이퓨쳐,11.79,1.62,0.33,369.02,6488.4,23012607.62,460948.4,1,1,1,1,1,0,AG2,
13438,미원화학,14.28,0.05,0,25710.94,1216511.99,176126404.51,122912.29,1,1,1,1,1,0,AG2,
13458,탑코미디어,15.77,23.6,0.95,116.61,236654.45,32797432.47,13939378.03,1,1,1,1,1,0,AG2,
13479,시디즈,7.67,7.82,1.68,111.64,227678.08,65665579.3,7890072.04,1,1,1,1,1,0,AG2,
13615,원일티엔아이,-50.5,11.91,-1.95,,316922.43,46860761.65,8115255.09,0,1,1,,1,,AG3,재무정보 미제공
13641,아셈스,23.15,27.83,2.61,32.82,1431817.8,74106217.4,32952299.19,1,1,1,1,1,0,AG2,
13648,하림,7.05,42.9,2.97,26.25,10451309,324733095,355366129,1,1,1,1,1,0,AG2,
13649,선진,14.32,43.49,2.7,27.32,28230921.65,623760100.24,644078249.13,1,1,1,1,1,0,AG2,
13654,윈스테크넷,14.37,0.15,0.01,5011.03,45352.21,178178263.9,306400.22,1,1,1,1,1,0,AG2,
13708,나래나노텍,3.82,0.11,0.06,170.95,192291.05,129541773.29,161787.49,0,1,1,1,1,1,AG2,
13731,에스디바이오센서,9.22,10.51,5.89,-73.03,16716165.9,2373940515.31,309614614.23,1,1,1,0,1,1,AG2,
13740,피엔티,12.07,18.63,3.27,31.93,2048872.29,725746010.13,337552059.83,1,1,1,1,1,0,AG2,
13794,넥스트아이,7.12,15.1,-0.57,-192.74,544098.35,47695474.48,16108042.16,1,1,1,0,1,1,AG2,
13795,제이씨케미칼,4.49,58.86,9.99,7.67,2804830.62,143323536.39,232537056.53,0,0,1,0,1,3,AG3,score
13804,메리츠금융지주,11.2,21.3,9.93,9.5,,11796467099.35,30755281016,1,1,1,0,,,AG3,재무정보 미제공
13807,신진에스엠,8.6,17.92,6.33,14.72,424325.78,77639064.84,18512199.59,1,1,1,1,1,0,AG2,
13808,오이솔루션,0.51,24.58,-4.69,-40.49,10008229.59,75628322.32,29317420,0,1,1,0,1,2,AG2,
13836,앤로보틱스,4.25,21.98,15.96,67.77,365867.67,87243124.29,28841131.19,0,1,0,1,1,2,AG2,
13861,나이벡,15.56,15.27,1,83.28,22472.05,47017408.63,9709158.25,1,1,1,1,1,0,AG2,
13893,BNK금융지주,9.99,15.17,20.79,4.77,,11253512390.85,24739998999,1,1,0,0,,,AG3,재무정보 미제공
13913,iM금융지주,6.75,16.83,25.46,3.56,,6435997000,17753319000,1,1,0,0,,,AG3,재무정보 미제공
13948,이마트,7.6,26.76,5.12,18.99,228053339.98,14135226607.25,9333548859,1,1,1,1,1,0,AG2,
13967,키네마스터,15.29,0.58,0.12,1457.44,439702.35,28025759.39,173139.19,1,1,1,1,1,0,AG2,
13999,아주스틸,3.33,54.84,32.49,0.49,12836107.43,136796505.08,567183744.2,0,0,0,0,1,4,AG3,score
14007,서플러스글로벌,-6.33,45.93,-38.2,-5.55,1925587.27,174276883.33,191840776.54,0,1,1,0,1,2,AG2,
14041,메지온,-216.72,12.56,-0.74,-518.04,767808.75,15510939.85,12420533,0,1,1,0,1,2,AG2,
14043,카티스,-50.17,27.29,-28.68,-0.85,144488.45,37855592.01,16374028.44,0,1,1,0,1,2,AG2,
14052,대창스틸,0.76,27.93,13.8,7.27,862504.81,146596868.48,78714841.05,0,1,0,0,1,3,AG3,score
14067,알에스오토메이션,-5.18,17.48,-6.23,-13.14,152573.34,56762018.86,15386427,0,1,1,0,1,2,AG2,
14086,파크시스템스,11.63,25.2,2.34,45.56,2167570.4,229427472.27,93034708.15,1,1,1,1,1,0,AG2,
14100,비아트론,-9.89,0.57,2.56,497.55,485376.73,180695849.25,1175933.2,0,1,1,1,1,1,AG2,
14108,리가켐바이오,-99.98,0.4,-0.02,-5859.96,5642437.73,500521587.54,2602657.69,0,1,1,0,1,2,AG2,
14221,유니트론텍,8.58,45.87,4.53,16.04,15591038.88,158016765.99,194308066,1,1,1,1,1,0,AG2,
14228,녹십자엠에스,5.5,21.31,2.92,41.19,1105307.35,46600091.98,19422037.18,1,1,1,1,1,0,AG2,
14276,모아라이프플러스,-41.49,18.44,-1.56,-94.13,743679.88,31985823.24,8000535,0,1,1,0,1,2,AG2,
14316,아이디스,9.26,12.54,1.69,69.35,2070372.73,350550538.54,60348693,1,1,1,1,1,0,AG2,
14321,핸즈코퍼레이션,1.63,65.19,-113.52,-15.06,23388123.79,64574365.24,481771340.24,0,0,1,0,1,3,AG3,score
14324,사람인,18.9,5.5,0.75,575.12,221358.5,264638720.71,17743941.89,1,1,1,1,1,0,AG2,
14354,영우디에스피,15.88,7.23,0.41,81.35,556824.19,34378060.72,4200000,1,1,1,1,1,0,AG2,
14451,지씨셀,-3.56,30.36,46.76,-249.15,1054014.54,186984434.02,97126731.55,0,1,0,0,1,3,AG3,score
14496,뉴파워프라즈마,17.83,29.34,3.37,25.08,3703423.73,448859332.9,301396071,1,1,1,1,1,0,AG2,
14502,휴젤,45.32,2.52,0.12,538.97,1266616.54,1034684229.61,28559841.4,1,1,1,1,1,0,AG2,
14517,노브랜드,5.8,49.05,10.96,6.5,12104921.43,161641848.62,221104373.79,1,1,0,0,1,2,AG2,
14521,다이나믹디자인,7.32,40.18,13.24,-9.1,2124665.64,45459473,45811306.37,1,1,0,0,1,2,AG2,
14572,덴티움,31.55,31.58,3.23,16.14,7158793.93,589413873.26,311116841.61,1,1,1,1,1,0,AG2,
14599,삼양사,3.46,21.09,4.06,-26.83,11218440.12,1887610439.29,773039228.43,0,1,1,0,1,2,AG2,
14606,율촌,7.95,41.33,8.19,10.72,309985.12,58192702.8,51560932.13,1,1,1,1,1,0,AG2,
14632,비씨엔씨,15.02,47.28,5.46,15.79,1011243.63,79219300.42,85405925.47,1,1,1,1,1,0,AG2,
14776,피엠티,10.38,66.4,-3.76,-34.13,485356.28,10135080.18,40347553,1,0,1,0,1,2,AG2,
14783,제룡산업,35.93,0.12,0.01,9359.03,221047.09,85761435.49,124838,1,1,1,1,1,0,AG2,
14815,세경하이테크,8.37,11.12,1.45,213.83,2441936.86,237498837.53,39012111.75,1,1,1,1,1,0,AG2,
14825,알엔투테크놀로지,-12.7,31,-16.7,-16.25,3006974.32,38288752.96,23122074.24,0,1,1,0,1,2,AG2,
14878,비큐AI,-0.15,1.81,1.21,211.02,6375.27,11260335.63,277162.06,0,1,1,1,1,1,AG2,
14893,에이치와이티씨,-5.77,3.46,-1.89,164.46,333560.45,68099516.09,2772718.62,0,1,1,1,1,1,AG2,
14995,아바텍,15.35,0,,,12390.74,149590607.41,,1,1,,,1,,AG3,재무정보 미제공
14998,하이로닉,19.54,0.16,0.03,6261.84,11974.57,78025538.58,140140.38,1,1,1,1,1,0,AG2,
15090,파수AI,-10.11,2.52,0.15,375.23,24992.48,35148955.46,1139335,0,1,1,1,1,1,AG2,
15186,KG에코솔루션,4.62,22.45,4.14,27.91,44734023.58,3164685126.92,1497108223.82,0,1,1,1,1,1,AG2,
15346,네이블,-34.8,0.02,0,14549.32,2152.87,35195598.89,8673,0,1,1,1,1,1,AG2,
15349,우리이앤엘하루틴,-20.88,9.6,-5.46,-9.89,108456.04,88075142.97,12077835.06,0,1,1,0,1,2,AG2,
15371,옵티팜,-5.62,26.31,-32.09,-4.09,119501.39,24763971.42,10413882,0,1,1,0,1,2,AG2,
15403,아시아종묘,16.43,29.5,6.35,14.44,183897.11,25587077.73,12400004.51,1,1,1,1,1,0,AG2,
15404,다산솔루에타,0.91,32.11,48,34.3,1146973.55,51313144.55,26422509.2,0,1,0,1,1,2,AG2,
15565,와이엠씨,6.67,14.46,1.9,45.3,1070621.31,124378731.23,26250374,1,1,1,1,1,0,AG2,
15566,DSR,12.74,24.29,3.23,34.05,2028974.44,255178293.35,98836685.5,1,1,1,1,1,0,AG2,
15610,엘앤케이바이오,8.45,24.62,7.35,-20.74,996945.55,51807532.78,27497196.85,1,1,1,0,1,1,AG2,
15843,아톤,8.79,24.02,3.06,20.3,1567270.29,105179536.73,38697744,1,1,1,1,1,0,AG2,
15901,아스플로,7.06,46.64,-41.6,-6.44,844923.65,51008589.96,60540474.37,1,1,1,0,1,1,AG2,
15958,제로투세븐,8.31,0.92,0.17,1159.05,3734649.7,81297949.75,854493.62,1,1,1,1,1,0,AG2,
16019,하이젠알앤엠,-15.14,15.89,-3.38,-20.39,263650.11,104619814.64,25843209.31,0,1,1,0,1,2,AG2,
16055,NEW,-3.85,33.41,37.45,1.54,950056.83,121110642.91,84266325.56,0,1,0,0,1,3,AG3,score
16098,싸이맥스,13.08,0.12,0.01,206.92,691649.82,193994606.94,276145,1,1,1,1,1,0,AG2,
16100,애경케미칼,5.01,37.1,12.1,9.47,7034666,716334689,559771133,1,1,0,0,1,2,AG2,
16139,한국타이어앤테크놀로지,9.54,23.69,1.96,37.68,166484196.74,14892391308.3,6627735473,1,1,1,1,1,0,AG2,
16158,필옵틱스,-32.88,23.29,-2.93,-36.9,8168415.47,180608189.93,88030307.89,0,1,1,0,1,2,AG2,
16189,한국콜마,14.72,36.26,3.65,24.44,12406415.57,1698565977.98,1333010355.48,1,1,1,1,1,0,AG2,
16230,신스틸,1.29,35.67,18.82,3.01,3561256.15,85425809.17,84484761.67,0,1,0,0,1,3,AG3,score
16328,에어레인,29.28,23.12,4.41,37.09,615413.48,70659628.63,26315002.03,1,1,1,1,1,0,AG2,
16356,동일고무벨트,9.49,15.66,1.96,45.94,3632720.47,246901891.86,57465601.54,1,1,1,1,1,0,AG2,
16373,핑거,0.68,8.74,2.01,27.2,310279.28,46369070.32,5688434,0,1,1,1,1,1,AG2,
16609,하나머티리얼즈,32.16,17.66,1.28,57.12,961413.13,485301368.93,125288917.28,1,1,1,1,1,0,AG2,
16648,코아스템켐온,-116.2,35.48,-1.93,-64.51,1086619.13,48146756.11,37454815.93,0,1,1,0,1,2,AG2,
16833,내츄럴엔도텍,2.19,24.46,-4.83,-35.28,121687.2,23176999.48,8732465.83,0,1,1,0,1,2,AG2,
16836,펨트론,-6.16,28.77,4.88,-4.75,1341820.91,28887525.76,32473022.82,0,1,1,0,1,2,AG2,
16933,엠브레인,-2.53,12.08,,,98529.86,28356664.34,5481653.32,0,1,,,1,,AG3,재무정보 미제공
17003,현대공업,7.11,5.4,0.73,142.66,148015.93,165133898.16,15363901.9,1,1,1,1,1,0,AG2,
17079,파이오링크,-8.35,1.78,0.24,695.61,42427.09,81802443.11,1692557.59,0,1,1,1,1,1,AG2,
17090,동아에스티,7.7,36.32,10.83,3.07,8646312.66,681823758.63,492213554.47,1,1,0,0,1,2,AG2,
17092,엘티씨,20.82,24.32,2.04,40.26,852461.13,240110584.59,98370947.48,1,1,1,1,1,0,AG2,
17101,램테크놀러지,9.19,57.17,26.15,-8.37,623533.51,40999088.98,62822473.63,1,0,0,0,1,3,AG3,score
17109,선익시스템,18.05,14.61,0.57,117.6,46111643.99,184643218.02,68055437,1,1,1,1,1,0,AG2,
17112,라이온켐텍,12.91,6.67,0.57,133,306547.84,140494285.62,11157908,1,1,1,1,1,0,AG2,
17267,에이엘티,34.63,47.87,5.2,16.26,1758576.86,91243544.56,93328605.54,1,1,1,1,1,0,AG2,
17313,오파스넷,4.63,12.64,1.07,76.64,428261.33,63504154.6,17398483.84,0,1,1,1,1,1,AG2,
17394,에프엔씨엔터,7.84,17.04,2.09,-3.38,730056.37,22294406.5,19680250.51,1,1,1,0,1,1,AG2,
17490,앱클론,-655.29,10.85,-0.53,-189.37,82575.66,58275814.11,7424761,0,1,1,0,1,2,AG2,
17514,휴먼테크놀로지,-23.87,9.76,-0.64,-197.04,140435.77,42393103.59,5896761.74,0,1,1,0,1,2,AG2,
17525,아이큐어,3.45,34.38,-8.84,-75.01,484094.46,23788755.44,28884436.92,0,1,1,0,1,2,AG2,
17533,JB금융지주,20.41,23.2,16.16,5.24,,6192946000,17163838000,1,1,0,0,,,AG3,재무정보 미제공
17675,듀켐바이오,37.45,28.93,1.41,76.9,389992.38,50112352.19,22331410.68,1,1,1,1,1,0,AG2,
17735,베셀,-0.24,19.72,-10.6,113.18,1224924.26,40121495.69,11307477,0,1,1,1,1,1,AG2,
17783,파버나인,7.44,40.25,6.32,5.6,2064465.31,72772464.75,64832222.08,1,1,1,0,1,1,AG2,
17790,쓰리에이로직스,9.63,27.43,-18.37,-7.6,203424.57,47876617.51,18901054.63,1,1,1,0,1,1,AG2,
17832,서진시스템,-1.22,46.47,20.66,-1.35,63327179.65,829345010.05,1191564718,0,1,0,0,1,3,AG3,score
17878,일월지엠엘,-11.1,0.89,0.16,385.51,14264.58,37820428.7,413774.17,0,1,1,1,1,1,AG2,
17892,PI첨단소재,35.43,10.11,0.58,84.74,2231842.11,355383355.57,47758189.07,1,1,1,1,1,0,AG2,
17929,엠아이텍,33.46,4.62,0.27,668.33,1286074.86,126912269.89,6751369.62,1,1,1,1,1,0,AG2,
17953,애드바이오텍,-27.44,33.19,-4.11,-52.93,5941550.99,13570952.58,14127289.67,0,1,1,0,1,2,AG2,
17990,유티아이,-169.72,38.42,-2.41,-41.53,3379258.06,56425380.88,88587531.69,0,1,1,0,1,2,AG2,
18040,DXVX,-71.96,12.88,-0.71,-80.95,1460281.81,90787805.41,14864783,0,1,1,0,1,2,AG2,
18064,한진칼,24.63,10.86,24.96,32.65,4581342,3503471831,456288035,1,1,0,1,1,1,AG2,
18171,NHN,8.78,12.22,1.7,53.36,11343773.09,1798448828.76,409552985.27,1,1,1,1,1,0,AG2,
18236,큐브엔터,-21.96,2.12,-1.61,18.48,1559642.89,163376317.46,5522583,0,1,1,1,1,1,AG2,
18240,엔케이젠바이오텍코리아,-62.93,35.01,-1.54,4.93,545505.58,6168660.75,4612673.35,0,1,1,0,1,2,AG2,
18319,아세아시멘트,14.2,33.69,4.26,15.89,7698070,1098985548,725884137,1,1,1,1,1,0,AG2,
18330,코미코,22.76,53.34,4.13,26.41,5044921.16,381633098.23,640143770.23,1,0,1,1,1,1,AG2,
18349,엔지켐생명과학,-18.13,3.54,-0.47,-302.57,50036.01,150003420.18,5700941.25,0,1,1,0,1,2,AG2,
18423,SGA솔루션즈,5.81,28.02,2.07,49.7,2244521.53,52556469.31,41242043.64,1,1,1,1,1,0,AG2,
18549,아이진,-277.74,3.9,-0.29,-523.65,111245.57,50920976.49,2525929.27,0,1,1,0,1,2,AG2,
18575,종근당,5.73,20.09,2.89,44.56,2537515.93,1028779866.01,368004662.11,1,1,1,1,1,0,AG2,
18623,그린플러스,4.29,45.07,14.02,-19.31,457426.14,37414021.21,43986082.82,0,1,0,0,1,3,AG3,score
18722,디티앤씨,9.2,32.78,5.39,18.3,10977516.46,112488270.08,85964580.28,1,1,1,1,1,0,AG2,
18727,신화콘텍,16.11,12.03,1.89,27.15,1060850.31,72490135.06,11353048.32,1,1,1,1,1,0,AG2,
18742,HLB제넥스,8.61,33.58,7.79,61.51,3181109.17,53432883.87,45702461.76,1,1,1,1,1,0,AG2,
18766,페니트리움바이오,-94.46,12.58,-0.97,-162.86,58335.94,31894712.4,5346703.83,0,1,1,0,1,2,AG2,
18779,나노,-0.65,32.54,4.3,12.16,345291.27,37989635.27,33595126,0,1,1,1,1,1,AG2,
18787,디바이스,41.9,9.57,0.65,164.34,195949.88,167859751.96,21500000,1,1,1,1,1,0,AG2,
18804,바이오포트,6.52,18.6,6.96,,123898.45,41176625.69,11234082.72,1,1,1,,1,,AG3,재무정보 미제공
18826,세니젠,-19.33,35.7,-1.01,-178.6,36569.53,1588707.75,3450144.57,0,1,1,0,1,2,AG2,
18930,인텔리안테크,11.93,30.35,3.13,43.27,2325304.86,279643602.87,157203163.28,1,1,1,1,1,0,AG2,
18933,씨이랩,-151.23,1.26,-0.1,-490.49,8487.92,23410259.57,326818.11,0,1,1,0,1,2,AG2,
18969,포시에스,3.43,0,,,194741.12,80037910.36,,0,1,,,1,,AG3,재무정보 미제공
18986,서전기전,-55.91,0.46,-0.03,161.38,6040.73,34282931.76,238479,0,1,1,1,1,1,AG2,
18998,흥국에프엔비,13.62,53.31,9.14,11.56,1149372.65,102641542.39,132516124.17,1,0,1,1,1,1,AG2,
19051,나무가,7,11.47,0.83,111.53,285162.1,170536772.4,30405577.06,1,1,1,1,1,0,AG2,
19065,코리아에셋투자증권,-0.48,2.49,2.63,23.48,,96792445.98,31614212,0,1,1,1,,,AG3,재무정보 미제공
19141,육일씨엔에쓰,8,43.84,-213.03,13.61,286351.32,24443954.16,25773289.21,1,1,1,1,1,0,AG2,
19142,테고사이언스,-144.15,22.25,-3.44,-84.55,554913.44,48317115.78,16696023.08,0,1,1,0,1,2,AG2,
19208,더블유게임즈,36.62,1.09,0.08,988.69,2356361.91,1775459914.14,21890978.6,1,1,1,1,1,0,AG2,
19225,케이사인,13.89,34.05,8.73,10.82,584516.23,116394411.42,63406254.05,1,1,1,1,1,0,AG2,
19239,윈하이텍,-17.54,43.27,-14.78,-11.13,741843.31,68712261.34,64541672.61,0,1,1,0,1,2,AG2,
19240,쿠쿠홀딩스,9.45,5.83,0.78,314.94,1805298.91,1320242808.94,94186403.63,1,1,1,1,1,0,AG2,
19241,오늘이엔엠,-2.44,3.75,-31.02,-1659.7,848102.07,5160472.88,2501425,0,1,1,0,1,2,AG2,
19244,슈피겐코리아,11.62,2.86,0.4,248.93,2716461.53,552083148.47,17048016.33,1,1,1,1,1,0,AG2,
19265,드림텍,4.48,28.44,3.69,21.01,17105898.75,475513845.04,252588515.21,0,1,1,1,1,1,AG2,
19282,코스맥스,10.74,39.74,3.65,26.04,18251108.83,645788773.85,999760133,1,1,1,1,1,0,AG2,
19325,링크드,-80.81,10.65,-1.42,-60.22,699739.33,60331789.53,8852298,0,1,1,0,1,2,AG2,
19437,제이에스코퍼레이션,11.74,42.57,5.04,12.5,18760647.26,607500631.67,826782251,1,1,1,1,1,0,AG2,
19448,데브시스터즈,-24.85,18.02,-5.22,-12.74,943126.7,154779836.38,52782375.67,0,1,1,0,1,2,AG2,
19470,노바렉스,13.75,6.93,0.45,208.48,1293714.08,260640668.53,25870603.73,1,1,1,1,1,0,AG2,
19550,마니커에프앤지,4.41,21.87,3.99,23.44,253282.33,79745288.74,26825074,0,1,1,1,1,1,AG2,
19587,해성디에스,13.69,25.67,1.99,49.24,1995103.33,559087288.51,230477758,1,1,1,1,1,0,AG2,
19594,HK이노엔,12.83,24.32,3.06,27.62,4468206.81,1337361224.97,502842098.5,1,1,1,1,1,0,AG2,
19599,에이비프로바이오,-23.45,19.1,-2.3,-224.63,138557.67,56884699.88,15126740.58,0,1,1,0,1,2,AG2,
19617,알테오젠,58.94,13.85,1.09,123.76,3106741.31,512858119.59,101033428.47,1,1,1,1,1,0,AG2,
19630,HLB펩,-79.56,33.65,-3.19,2.21,1277697.38,22977369.07,17028891.91,0,1,1,0,1,2,AG2,
19645,코아시아씨엠,6.83,32.12,2.75,30.84,537433.63,70884289.61,50496847.64,1,1,1,1,1,0,AG2,
19649,디에이테크놀로지,-119.77,8.79,-0.42,-217.97,194720.27,-12605986.13,2894977.97,0,1,1,0,1,2,AG2,
19670,웹스,12.32,39.89,3.76,22.94,398157.87,42255348.03,29706315.01,1,1,1,1,1,0,AG2,
19714,디지캡,-5.6,5.22,-2.61,20.7,126081.12,55574081.39,3773867,0,1,1,1,1,1,AG2,
19808,캐프,13.15,23.54,1.77,47.05,617806.65,142194331.87,54230050.54,1,1,1,1,1,0,AG2,
19844,강동씨앤엘,10.52,13.8,3.68,13.34,1279943.95,132458482,58559338,1,1,1,1,1,0,AG2,
19894,한주라이트메탈,8.22,48.44,6.02,11.7,2331098.61,46395775.59,97258904.28,1,1,1,1,1,0,AG2,
19943,케이엔알시스템,-119.26,40.26,-3.71,-44.18,239366.16,25235115.38,24370948.72,0,1,1,0,1,2,AG2,
19948,뱅크웨어글로벌,-3.01,12.82,-4.8,14.33,101762.21,17500124.26,5765826.23,0,1,1,1,1,1,AG2,
19955,레이저옵텍,-24.27,31.35,-1.11,-73.1,240609.76,20880395.4,11066150.45,0,1,1,0,1,2,AG2,
19973,바이오인프라,-27.46,36.84,-4.25,-54.65,95508.66,12539215.27,12700000,0,1,1,0,1,2,AG2,
19980,툴젠,-1063,0.33,-0.01,-489.16,12878.81,53170408.17,189225.52,0,1,1,0,1,2,AG2,
19982,제일일렉트릭,7.5,14.85,2.02,47.12,1019604.87,159345511.62,35187693.07,1,1,1,1,1,0,AG2,
20013,콜마비앤에이치,10.6,25.33,2.87,9.37,2746540.99,377344958.68,150355870.04,1,1,1,0,1,1,AG2,
20023,텔콘RF제약,-2.54,26.48,7,-7.04,13501606.4,97423179.39,39822825.37,0,1,1,0,1,2,AG2,
20035,아티스트스튜디오,-20.18,0.88,-0.24,-196.19,11266.86,49361314.73,489750.42,0,1,1,0,1,2,AG2,
20047,에이팩트,-6.27,51.6,6.19,15.85,1736417.45,66838721.45,96685769.59,0,0,1,1,1,2,AG2,
20067,휴메딕스,27.65,0.29,0.02,3387.79,2170652.6,310603926.55,978060.84,1,1,1,1,1,0,AG2,
20071,에이디테크놀로지,4.47,24.68,6.8,18.99,1438938.44,137092717.86,77644927.56,0,1,1,1,1,1,AG2,
20078,비씨월드제약,19.58,50.41,6.95,8.71,1122706.07,72358171.09,87332445,1,0,1,0,1,2,AG2,
20088,서연이화,8.22,26.8,2.55,33.61,20812287.88,1309438988.37,912263548.33,1,1,1,1,1,0,AG2,
20149,미투온,24.07,3.81,0.54,62.57,884521.31,253091004.3,10635967.02,1,1,1,1,1,0,AG2,
20340,에이비온,-1104.89,12.29,-0.45,-189.96,201322.98,61863798.64,9071599.18,0,1,1,0,1,2,AG2,
20345,유니온바이오메트릭스,-5.02,16.13,22.47,27.52,66915.33,40735868.61,10302278,0,1,0,1,1,2,AG2,
20365,드림시큐리티,23.2,66.98,3.96,23.94,5314784.7,148514540.78,410560280.76,1,0,1,1,1,1,AG2,
20369,아크솔루션스,-5.19,27.41,-2.55,-44.44,143118.58,24868031.43,10884128.67,0,1,1,0,1,2,AG2,
20402,그리티,4.44,31.87,4.01,25.28,1278233.9,81946818.77,47508929.51,0,1,1,1,1,1,AG2,
20427,제이앤티씨,2.41,48.38,-10.69,-12.82,3241447.55,241278298.34,278609523.58,0,1,1,0,1,2,AG2,
20432,HL만도,8.06,28.46,2.81,21.85,31238800.41,2998882699.69,2066089795.82,1,1,1,1,1,0,AG2,
20461,티쓰리,28.48,0.38,0.02,4899.82,45101.44,113182493.17,500321.28,1,1,1,1,1,0,AG2,
20462,글로벌텍스프리,18.02,1.18,0.07,1139.54,45583.54,154790352.52,2259251,1,1,1,1,1,0,AG2,
20484,지엘팜텍,3.42,42.43,19.37,3.79,178346.15,19798858.44,20624076.9,0,1,0,0,1,3,AG3,score
20510,엑셈,-13.65,0.21,0.04,3788.9,2002102.84,122346435.24,285151.92,0,1,1,1,1,1,AG2,
20547,휴마시스,-9.71,3.5,-1.78,-95.55,535775.66,235484150.83,11429282.99,0,1,1,0,1,2,AG2,
20550,넥써쓰,1.13,40.09,10.77,-20.5,1095164.03,35518990.63,32449652.09,0,1,0,0,1,3,AG3,score
20640,베노티앤알,-188.19,2.35,-0.62,-485.3,1869804.25,67971350.92,1732093.41,0,1,1,0,1,2,AG2,
20656,덱스터,-14.8,32.35,-639.43,-0.76,524579.22,38974327.16,32561133.78,0,1,1,0,1,2,AG2,
20664,바디텍메드,21.51,4.64,0.36,333.29,736717.58,255098928.2,13736839.15,1,1,1,1,1,0,AG2,
20665,유바이오로직스,30.34,0.33,0.01,1163.74,397367.81,179718555.65,764680,1,1,1,1,1,0,AG2,
20776,미스터블루,7.54,12.69,4.08,-205.8,51935.53,41964595.8,8721673.31,1,1,1,0,1,1,AG2,
20794,삼성바이오로직스,53.72,9.96,0.44,186.91,22106807.61,7922835735.74,1194488083.38,1,1,1,1,1,0,AG2,
20814,정다운,10.47,34.03,5.02,19.2,669932.88,126328178.04,75283182,1,1,1,1,1,0,AG2,
20835,지란지교시큐리티,-14.16,13.37,3.4,16.86,119800.59,64590833.8,11286622,0,1,1,1,1,1,AG2,
20837,셀바스헬스케어,13.86,1.55,1.31,867.11,106764.75,84434878.53,1425217.48,1,1,1,1,1,0,AG2,
20864,썸에이지,-89.76,2.87,-0.07,-1193.5,7065.3,11834116.2,373455.09,0,1,1,0,1,2,AG2,
20871,포톤,4.35,22.53,2.98,12.22,193356.59,48839120.35,20415674.66,0,1,1,1,1,1,AG2,
20886,다산디엠씨,7.62,27.25,7.11,,641784.69,58146306.04,31178593.64,1,1,1,,1,,AG3,재무정보 미제공
20964,와이제이링크,12.9,27.39,18.89,13.12,1075127.74,79800664.86,34804807.11,1,1,0,1,1,1,AG2,
21012,캔버스엔,-1,60.37,-28.09,-38.87,956889.79,9336116.1,22623257.64,0,0,1,0,1,3,AG3,score
21054,디와이파워,14.62,0.23,0.02,1188.57,1536003.28,322182401.54,935599.25,1,1,1,1,1,0,AG2,
21098,SK디앤디,-8.15,56.55,22.96,-0.8,12499071.22,557006388.89,830769866.22,0,0,0,0,1,4,AG3,score
21105,인카금융서비스,10.16,4.22,0.37,193.48,491950,219627998,43760073,1,1,1,1,1,0,AG2,
21127,AP위성,-56.28,0.26,-0.06,-882.45,152832.47,102982551.07,324668.86,0,1,1,0,1,2,AG2,
21256,네오오토,10.45,7.99,0.71,145.51,56057.97,139524001.33,17501189.65,1,1,1,1,1,0,AG2,
21271,아이에스티이,11.99,45.32,-6.1,-11.14,169170.12,21917933.71,28450195.51,1,1,1,0,1,1,AG2,
21342,덕산네오룩스,30.11,18.38,1.55,75.02,2444385.56,487695651.1,134254977,1,1,1,1,1,0,AG2,
21350,한솔제지,5.45,41.93,7.52,9.07,17934059.33,694985706.25,877817305.24,1,1,1,0,1,1,AG2,
21415,클래시스,47.09,17.76,0.77,128.39,2423691.21,529290461.59,142074886.79,1,1,1,1,1,0,AG2,
21418,헥토이노베이션,16.94,3.26,0.39,192.1,1233048.94,362053475.25,27056115.9,1,1,1,1,1,0,AG2,
21426,라파스,4.9,47.8,39.55,-1.51,814645.78,29851205.38,34542304.56,0,1,0,0,1,3,AG3,score
21427,FSN,5.84,28.85,2.87,-11.34,3271261.34,102249181.42,94451931.09,1,1,1,0,1,1,AG2,
21432,이노션,10.5,10.03,1.19,69.61,5040835.12,1128854893.4,277040246,1,1,1,1,1,0,AG2,
21433,금호에이치티,5.36,10.77,2.54,-23.01,655052.58,289291031.58,42362082.7,1,1,1,0,1,1,AG2,
21437,케어젠,50.37,0,,,151689.19,214466240.24,,1,1,,,1,,AG3,재무정보 미제공
21439,경보제약,6.49,42.18,8.06,11.58,1732657.59,144291571.03,143028788.51,1,1,1,1,1,0,AG2,
21442,토니모리,11.03,28.54,3.13,29.45,608349.11,127182216.59,66358263.51,1,1,1,1,1,0,AG2,
21443,아이쓰리시스템,17.9,4.46,0.44,236.19,144538.53,141332977.52,8854856.58,1,1,1,1,1,0,AG2,
21445,파마리서치,42.09,19.76,0.88,92.63,6961798.2,732476193.9,214440243.24,1,1,1,1,1,0,AG2,
21461,롤링스톤,-9.16,15.96,-0.31,-427.86,291994.08,13171486.51,2866068.07,0,1,1,0,1,2,AG2,
21468,디알텍,6.53,43.28,424.81,-10.6,4115924.73,76203617.23,88772878.91,1,1,0,0,1,2,AG2,
21500,골프존,21.15,10.74,0.72,64.29,833164.72,429546149.68,68170609.6,1,1,1,1,1,0,AG2,
21509,솔디펜스,-6.33,4.04,8.12,,1098093.69,50852995.1,2404953.07,0,1,1,,1,,AG3,재무정보 미제공
21510,로보로보,-31.24,0.75,-0.11,-854.7,524441.51,28778819.45,231960,0,1,1,0,1,2,AG2,
21520,메가스터디교육,18.73,7.94,0.4,229.98,3686457.1,505905175.39,76782716.34,1,1,1,1,1,0,AG2,
21536,우리산업,5.94,35.61,4.21,21.96,5334526.2,125799122.68,132650518.68,1,1,1,1,1,0,AG2,
21538,우정바이오,11.8,43.41,32.45,0.04,751108.34,23167327.52,52796923.89,1,1,0,0,1,2,AG2,
21548,토박스코리아,11.83,11.31,1.65,31.19,65442.26,31402447,4466398.64,1,1,1,1,1,0,AG2,
21560,신라젠,-190.01,1.94,-0.09,-348.11,186362.04,105289555.79,2173036.02,0,1,1,0,1,2,AG2,
21579,이노인스트루먼트,-0.01,34.5,-8.07,-26.95,246751.09,35181489.4,23987109.71,0,1,1,0,1,2,AG2,
21605,인크로스,18.51,0.89,0.18,495.26,22353.3,128518553.1,2245881,1,1,1,1,1,0,AG2,
21608,제테마,8.9,55.04,9.98,2.23,2361111.3,71763318.04,116803817.61,1,0,1,0,1,2,AG2,
21719,제너셈,-32.13,20.39,16.52,9.11,221922.05,48007894.84,17798188,0,1,0,0,1,3,AG3,score
21727,넵튠,11.37,7.65,3.01,-192.2,650295.44,321848058.38,28951585.25,1,1,1,0,1,1,AG2,
21733,싸이토젠,-15.73,27.01,-3.58,-54,695583.08,34111360.51,15408010,0,1,1,0,1,2,AG2,
21748,에스디생명공학,-16.2,6.37,-0.44,-45.98,477373.72,28595277.16,2262426,0,1,1,0,1,2,AG2,
21750,러셀,-3.61,10.84,-2.49,-44.34,160787.05,56038244.96,8039990.85,0,1,1,0,1,2,AG2,
21759,티엠씨,2.55,24.97,23.31,,2511888.73,111640603.26,58445740.54,0,1,0,,1,,AG3,재무정보 미제공
21773,강스템바이오텍,-505.27,12.65,-0.52,-221.85,233638.54,62247324.63,9419219.73,0,1,1,0,1,2,AG2,
21782,원익피앤이,-16.16,24.4,-19.08,-4.06,1350154.6,97352439.63,78461790.98,0,1,1,0,1,2,AG2,
21815,미래생명자원,5.69,17.14,9.79,-9.75,238618.3,43044678.89,10415613.08,1,1,1,0,1,1,AG2,
21913,타이거일렉,17.76,18.87,1.22,78.76,327649.2,61209101.26,17800000,1,1,1,1,1,0,AG2,
21942,링크제니시스,33.46,0.23,0.04,3198.94,53573.38,50386784,128743,1,1,1,1,1,0,AG2,
21955,디와이디,8.04,26.11,5.11,-78.06,841917.14,17592175.77,9686558.24,1,1,1,0,1,1,AG2,
21975,한국비티비,-26.12,31.93,-3.25,-47.56,133907.94,22626867.06,13638026.12,0,1,1,0,1,2,AG2,
22010,퓨쳐켐,-16.15,10.6,-2.32,-63.37,338320.45,52792684.97,7391361,0,1,1,0,1,2,AG2,
22018,핸디소프트,-5.86,0.15,0.22,722.81,2838,81472228.45,140806.91,0,1,1,1,1,1,AG2,
22026,켐트로스,17.98,8.7,1.63,-0.05,153007.7,97268989.37,11113602.86,1,1,1,0,1,1,AG2,
22180,지구홀딩스,-17.07,0.53,-0.29,-179.23,24050.79,53812135,352948.35,0,1,1,0,1,2,AG2,
22184,하이즈항공,10.25,45.74,7.01,11.68,565210.22,46243213.59,54911247.21,1,1,1,1,1,0,AG2,
22198,케이디켐,13.38,20.45,3.58,16.71,1030616.23,101761778.86,28188794.04,1,1,1,1,1,0,AG2,
22204,코스맥스엔비티,13.9,54.24,6.58,4.4,2307712.07,60884393.63,164798131.9,1,0,1,0,1,2,AG2,
22208,씨아이에스,6.72,0.09,0.02,1013.89,2529042.28,520150509.86,608816.38,1,1,1,1,1,0,AG2,
22211,팬젠,23.28,3.02,0.36,380.88,99769.21,30674722.72,1009520.92,1,1,1,1,1,0,AG2,
22216,NPX,-88.01,1.7,-0.01,-569.57,44053.83,4018136.9,121813.85,0,1,1,0,1,2,AG2,
22242,쎄노텍,13.04,43.23,5.12,14.11,633082.18,40784975.52,35574963.8,1,1,1,1,1,0,AG2,
22280,심텍,8.59,39.04,5.13,-4.63,37515288.11,597185389.91,657270373.03,1,1,1,0,1,1,AG2,
22298,한국맥널티,4.35,42.55,15.76,8.91,356668.97,37589698.3,36140505,0,1,0,0,1,3,AG3,score
22325,드림씨아이에스,7.32,10.09,2.25,92.43,1004676.37,88181780.37,16442311,1,1,1,1,1,0,AG2,
22331,사토시홀딩스,-20.9,62.6,-6.44,-166.31,5466829.35,6840985.59,38197990.12,0,0,1,0,0,4,AG3,score
22406,더코디,-71.42,74.97,-15.75,-27.45,1827782.67,6576605.53,59706168.22,0,0,1,0,1,3,AG3,score
22411,에이텍모빌리티,1.67,0.11,0.01,202.54,1404.74,68190825.44,94507.19,0,1,1,1,1,1,AG2,
22519,LK삼양,-63.32,17.17,-0.6,-152.6,130243.16,30423937.02,7343789.53,0,1,1,0,1,2,AG2,
22522,제놀루션,-45.49,25.51,-4.35,-32.7,251633.35,68322575.65,24066422.68,0,1,1,0,1,2,AG2,
22543,케이엠제약,-9.74,36.38,-8.15,-19.06,160595.35,27432239.74,17127663,0,1,1,0,1,2,AG2,
22553,HC보광산업,8.74,27.8,11.26,13.91,1407631.11,88616704.17,47405080.89,1,1,0,1,1,1,AG2,
22557,넥슨게임즈,-39.27,23.41,-1.54,-77.6,1131917.45,236317664.67,90304419.23,0,1,1,0,1,2,AG2,
22559,패션플랫폼,14.02,11.32,0.94,59.52,92893.17,80573413.75,12157434.01,1,1,1,1,1,0,AG2,
22632,잇츠한불,18.65,0.79,0.17,1258.51,283709.72,508683613.48,4358751,1,1,1,1,1,0,AG2,
22633,신테카바이오,-715.04,17.85,-0.84,-89.52,583653.96,28335507.84,7796643.54,0,1,1,0,1,2,AG2,
22634,본느,-18.39,27.9,-2.13,-85.46,186112.9,34439127.27,15856513.8,0,1,1,0,1,2,AG2,
22640,오스테오닉,25.76,25.12,2.08,53.08,421422.37,70233352.04,27985945.73,1,1,1,1,1,0,AG2,
22659,엠디바이스,17.28,20.3,1.76,,20938178.61,39816098.15,22070798.07,1,1,1,,1,,AG3,재무정보 미제공
22695,올릭스,-286.19,11.7,-0.72,-39.22,751432.09,145389784.03,21793462,0,1,1,0,1,2,AG2,
22761,아우딘퓨쳐스,0.72,44.06,-42.05,-9.47,534643.72,20495367.54,24463355.62,0,1,1,0,1,2,AG2,
22784,현대코퍼레이션홀딩스,9.06,7.36,1.17,140.16,295950,340726534,31312760,1,1,1,1,1,0,AG2,
22795,엔투텍,-21.4,5.07,0.95,116.38,2532823.47,124464963.34,7504053,0,1,1,1,1,1,AG2,
22834,동양파일,8.61,0.09,0.13,-1510.06,2550.79,116921303.07,104283.32,1,1,1,0,1,1,AG2,
22867,레이,-5.31,37.88,-15.11,13.25,4708456.36,78469252.46,66785353.83,0,1,1,1,1,1,AG2,
22876,지노믹트리,-716.44,0.04,-0.01,-646.46,-126652.41,123472951.06,55186.01,0,1,1,0,1,2,AG2,
22885,레이언스,12.11,2.15,1.05,80.52,82033.65,239937662.78,5823957.27,1,1,1,1,1,0,AG2,
22900,젠큐릭스,-31.72,34.43,-2.3,-60.59,210739.85,13993622.67,10702188.71,0,1,1,0,1,2,AG2,
22964,LS에코에너지,7.45,24.86,1.7,38.67,1503293.33,250447951.8,132551090.65,1,1,1,1,1,0,AG2,
23024,에치에프알,-24.46,26.04,25.77,-1.72,1142304.19,153714475.29,69918955.84,0,1,0,0,1,3,AG3,score
23036,에코마케팅,9.33,6.29,0.47,111.21,1273642.04,273176605.99,27702935.92,1,1,1,1,1,0,AG2,
23214,와이씨,20.99,16.74,3.26,41.84,1413582.16,502023260.21,109840399,1,1,1,1,1,0,AG2,
23268,라온로보틱스,7.8,12.35,1.6,45.39,201747.38,45494595.07,8877788.44,1,1,1,1,1,0,AG2,
23283,아이티센피엔에스,-1.55,22.59,16.28,-6.16,1510879.55,23541885.07,35682955,0,1,0,0,1,3,AG3,score
23403,싸이닉솔루션,0.14,19.71,,,324042.77,38273761.72,14173096.05,0,1,,,1,,AG3,재무정보 미제공
23408,JW생명과학,22.08,13.48,0.81,88.91,2416395.66,218748433.66,42251008.64,1,1,1,1,1,0,AG2,
23410,폴라리스세원,5.44,2.85,1.27,60.67,265660.06,386502943.64,13199615.31,1,1,1,1,1,0,AG2,
23430,에스트래픽,-19.6,13.76,3.07,31.4,405352.61,96848345.92,22000000,0,1,1,1,1,1,AG2,
23434,헥토파이낸셜,18.81,2.63,0.53,117.33,338402.32,182912575.79,14771571.87,1,1,1,1,1,0,AG2,
23469,녹십자웰빙,12.8,35.07,3.54,11.83,9843988.8,107172888.61,81875144.98,1,1,1,1,1,0,AG2,
23492,자이글,-13.17,58.54,-14.35,-8.98,301003.5,19374977.95,29775986.06,0,0,1,0,1,3,AG3,score
23598,메드팩토,-296.41,3.57,-0.12,-1474.74,30903.49,42578558.9,1620619,0,1,1,0,1,2,AG2,
23620,슈프리마,21.04,0.76,0.06,1741.5,3236653.47,281148487.12,2297582,1,1,1,1,1,0,AG2,
23681,엔비티,-6.13,11.82,-0.83,-14.67,60461.38,19261384.01,4141924.5,0,1,1,0,1,2,AG2,
23769,에스티팜,29.95,8.75,0.76,104.76,3078010.86,611249895.16,74331031.5,1,1,1,1,1,0,AG2,
23775,피앤씨테크,7.81,32.7,32.62,-63.43,255643.45,42915441.74,32500000,1,1,0,0,1,2,AG2,
23782,플레이디,3.76,0.63,,,20875.26,88647104.88,892475.28,0,1,,,1,,AG3,재무정보 미제공
23788,클리오,8.27,2.7,0.38,372.96,402510.96,244170978.47,8979633.68,1,1,1,1,1,0,AG2,
23809,앤디포스,14.69,11.05,2.49,53.52,225799.31,109593840.03,14857750.42,1,1,1,1,1,0,AG2,
23812,얼라인드,10.89,25.49,5.4,38.06,593225.44,37550817.44,15027717.82,1,1,1,1,1,0,AG2,
23820,비피도,-7.89,17.87,3.93,-0.18,104806.49,44437312.99,10186248.85,0,1,1,0,1,2,AG2,
23849,힘스,-9.67,16.15,-3.09,-98.03,430174.07,57065805.67,13472766,0,1,1,0,1,2,AG2,
23934,이스트에이드,-46.74,2.19,-0.11,-541.6,14508.18,14240031.59,609867.48,0,1,1,0,1,2,AG2,
23961,에이치엘사이언스,-80.92,0,,-3951.08,8560.86,80892504.8,,0,1,,0,1,,AG3,재무정보 미제공
23989,피엔에이치테크,10.06,9.22,1.64,58.64,54248.73,53876749.18,6228607.19,1,1,1,1,1,0,AG2,
24055,동방메디컬,25.1,15.05,1.11,70.92,798149.26,132996618.39,28700767,1,1,1,1,1,0,AG2,
24060,유진테크놀로지,-21.8,24.73,-2.95,-33.33,131495.13,37447748.84,14338312.11,0,1,1,0,1,2,AG2,
24081,원익IPS,12.36,0.47,0.05,2158.48,29918.04,982067600.01,5930460.2,1,1,1,1,1,0,AG2,
24152,DSC인베스트먼트,38.34,25.7,1.79,51.1,9089,132831904.91,49968468,1,1,1,1,1,0,AG2,
24156,두산밥캣,12.92,13.51,1.73,39.1,76674753,7564324309,1767295551,1,1,1,1,1,0,AG2,
24159,화승엔터프라이즈,4.07,49.54,7.66,5.34,11455603.92,473101928.05,703970618.31,0,1,1,0,1,2,AG2,
24169,유니테크노,5.19,30.01,8.96,4.41,2026610.42,140269547.66,74380701.08,1,1,1,0,1,1,AG2,
24171,코스메카코리아,14.35,32.57,2,45.75,1872057.72,312041982.06,220513912.83,1,1,1,1,1,0,AG2,
24177,메카로,25.75,0.32,0.03,2439.73,9101.73,209032718.08,752670.58,1,1,1,1,1,0,AG2,
24179,티이엠씨씨엔에스,-7.21,9.06,1.7,52.14,345608.74,114943756.66,17146911.25,0,1,1,1,1,1,AG2,
24184,에이스토리,-15.53,1.35,-0.11,-286.33,27280.98,46518605.32,775732.5,0,1,1,0,1,2,AG2,
24204,나무기술,2.61,15.52,3.5,8.86,291786.76,51290195.52,19202201,0,1,1,0,1,2,AG2,
24307,휴온스,5.57,25.56,2.72,35.49,1816409.59,408026301.93,169028234.05,1,1,1,1,1,0,AG2,
24384,신흥에스이씨,14.39,51.09,6.02,15.66,5029026.04,364236013.98,464788753.13,1,0,1,1,1,1,AG2,
24446,올리패스,-1296,59.59,-1.85,-152.29,166491.14,-188085.55,10308025,0,0,1,0,1,3,AG3,score
24492,에이플러스에셋,12.71,11.36,0.89,99.59,895718.35,266537167.68,60575616,1,1,1,1,1,0,AG2,
24625,에스엘에스바이오,-65.66,11.52,-0.33,-317.66,13268.72,6696288.04,1162269.34,0,1,1,0,1,2,AG2,
24669,TS인베스트먼트,-52.23,6.52,1.37,54.23,,98999439.31,8141423.97,0,1,1,1,,,AG3,재무정보 미제공
24671,티앤알바이오팹,2.78,32.7,-19.52,-66.73,944726.87,21416997.74,30133604.61,0,1,1,0,1,2,AG2,
24672,아스타,-216.46,1.91,-0.26,-178.57,550572,18178975.88,422183.62,0,1,1,0,1,2,AG2,
24696,SCL사이언스,5.57,42.12,31.73,0.82,767372.94,22513311.16,32613638.15,1,1,0,0,1,2,AG2,
24754,에코프로비엠,3.46,49.69,11,7.61,38105228.66,2084897917.69,2562301719.26,0,1,0,0,1,3,AG3,score
24766,나노씨엠에스,22.21,9.44,-9.49,-7.24,72707.41,18463775.51,2155333.74,1,1,1,0,1,1,AG2,
24807,솔루엠,6.65,32.76,4.45,14.66,5441075.74,571922300.36,451902065.46,1,1,1,1,1,0,AG2,
24817,샘표식품,12.42,14.35,1.02,78.19,654447.86,273782757.9,55284441.1,1,1,1,1,1,0,AG2,
24942,일동제약,10.37,25.72,3.09,30.19,1869971.74,239956582.17,144545958.59,1,1,1,1,1,0,AG2,
25000,보라티알,7.28,58.64,13.68,1.67,1022024.74,82980307.14,136043394.2,1,0,0,0,1,3,AG3,score
25006,모비스,-48.23,5.36,-0.77,-28.54,177907.72,33145014.91,2088215.55,0,1,1,0,1,2,AG2,
25093,예선테크,15.55,57.8,8.6,14.69,537564.69,16522105.95,30675194.11,1,0,1,1,1,1,AG2,
25112,바이오에프디엔씨,34.71,0.43,0.04,915.15,8323.58,70958915.24,320022.86,1,1,1,1,1,0,AG2,
25127,넷마블,12.88,16.29,2.79,33.65,79272925.01,5811716330.28,1355779026.32,1,1,1,1,1,0,AG2,
25137,와이엠티,15.27,29.31,4.34,12.15,1667103.44,212100869.22,105903708.64,1,1,1,1,1,0,AG2,
25163,브이원텍,-21.06,14.38,-2.51,-46,593582.18,122244224.55,26915307.56,0,1,1,0,1,2,AG2,
25197,펌텍코리아,18.2,10.31,0.71,150.38,405998.87,368424541.14,49966373.9,1,1,1,1,1,0,AG2,
25250,세화피앤씨,2.25,29.41,,,519902.45,38225851.39,19105188.11,0,1,,,1,,AG3,재무정보 미제공
25299,샘씨엔에스,36.19,25.58,2.33,43.67,480268.93,185076899.8,67094542.34,1,1,1,1,1,0,AG2,
25345,스튜디오드래곤,31.24,2.37,0.13,1205.79,1984453.53,754314448.59,22800000,1,1,1,1,1,0,AG2,
25359,네오셈,7.84,15.01,4.67,56.33,425192.84,125493810.8,24138971.95,1,1,1,1,1,0,AG2,
25384,수젠텍,-192.14,16.6,-0.92,-215.62,491172.68,72276506.79,15553186.75,0,1,1,0,1,2,AG2,
25412,자비스,-10.25,6.59,-0.77,-175.2,232471.39,24127863.22,2475699.26,0,1,1,0,1,2,AG2,
25449,미래반도체,9.47,49.84,3.72,32.38,4441223.61,133613401.52,171870050.98,1,1,1,1,1,0,AG2,
25522,SG,-48.73,33.72,18.22,-11.08,3371238.48,105881479.97,69149511.33,0,1,0,0,1,3,AG3,score
25544,야스,17.14,6.7,2.63,76.57,357212.55,139052162.81,13495608.02,1,1,1,1,1,0,AG2,
25615,한독크린텍,7.23,0,,,29895.34,57027309.78,,1,1,,,1,,AG3,재무정보 미제공
25663,포인트엔지니어링,-17.56,23.69,4.87,-7.72,168903.24,64978423.09,21590625.46,0,1,1,0,1,2,AG2,
25684,한국비엔씨,7.64,9.5,3.23,35.38,2100943.4,233413815.81,26287623.78,1,1,1,1,1,0,AG2,
25694,킵스파마,-1.12,38.86,21.49,0.43,1513532.55,85230522.69,94779129.4,0,1,0,0,1,3,AG3,score
25737,피엔티엠에스,-185.46,18.45,-2.75,-91.06,107714.77,20064437.65,9465279.5,0,1,1,0,1,2,AG2,
25772,실리콘투,19.52,13.98,0.51,143.12,14882093.34,491951582.09,117583619.95,1,1,1,1,1,0,AG2,
25861,케일럼,5.25,28.2,17.99,1.64,394345.47,47076053.46,22830705.8,1,1,0,0,1,2,AG2,
25879,소프트캠프,-17.64,49.48,5.36,19.36,163587.19,14163190.75,19504793.73,0,1,1,1,1,1,AG2,
25883,세종메디칼,23.09,46.68,6.38,-0.52,228205.46,24119615.9,29070021.88,1,1,1,0,1,1,AG2,
25963,엠플러스,21.21,22.76,1.51,48.71,955792.69,111753553.85,52671744.36,1,1,1,1,1,0,AG2,
25996,크래프톤,44.45,5.89,0.44,258.41,4488683.74,7459448586.17,578867248,1,1,1,1,1,0,AG2,
26066,알리코제약,-1.07,26.25,16.64,6.05,736979.9,76507365.24,44806896.66,0,1,0,0,1,3,AG3,score
26093,씨티케이,3.13,35.74,42.88,-2.78,5914951.12,145204748.99,95682486.99,0,1,0,0,1,3,AG3,score
26097,에스앤디,19.62,0.17,0.01,12209.51,1797.49,87437445.07,214989.2,1,1,1,1,1,0,AG2,
26120,덴티스,15.93,51.32,-85.54,-2.78,1306867.75,50491042.36,110906073.1,1,0,1,0,1,2,AG2,
26152,이지스,-38.35,14.44,,,88114.46,48219248.37,9092913.28,0,1,,,1,,AG3,재무정보 미제공
26178,아리바이오랩,-933.64,26.9,-0.45,-188.61,660875,9591807.54,5915183.03,0,1,1,0,1,2,AG2,
26226,에이프로,2,41.92,-33.77,-4.75,5866691.19,59844543.92,132804504.58,0,1,1,0,1,2,AG2,
26284,아이퀘스트,9,35.14,8.18,50.94,343120.66,64741464.97,40629357.64,1,1,1,1,1,0,AG2,
26302,디케이앤디,7.35,4.61,0.35,221.96,628417.18,84188701.51,5388757.1,1,1,1,1,1,0,AG2,
26305,유틸렉스,-190.88,45.21,-1.06,-132.46,277329.35,12822064.09,14809892.35,0,1,1,0,1,2,AG2,
26360,덕우전자,2.84,24.04,3.42,59.07,3120366.69,126291920.53,53347412.21,0,1,1,1,1,1,AG2,
26369,디알젬,12.73,8.33,0.84,92.38,532791.25,94361578.44,10702466,1,1,1,1,1,0,AG2,
26370,케어랩스,6.53,12.2,-54.75,-25.96,277871.7,73863727.41,12433083.62,1,1,1,0,1,1,AG2,
26372,디앤씨미디어,21.45,1.93,0.11,397.91,199245.72,96183936.8,2218268.93,1,1,1,1,1,0,AG2,
26375,펄어비스,66.32,5.5,0.34,192.44,2753020.87,961739851.21,77715494.64,1,1,1,1,1,0,AG2,
26377,유에스티,9.24,6.73,1.46,89.11,483727.44,82323294.95,6246251.23,1,1,1,1,1,0,AG2,
26380,데이타솔루션,-0.84,1.03,0.14,359.65,12980.3,34307158.11,926525.87,0,1,1,1,1,1,AG2,
26381,상신전자,-0.22,17.41,5.09,18.86,275575.64,53743297.15,16169794.66,0,1,1,1,1,1,AG2,
26386,지니언스,17.08,10.32,0.86,212.95,74704.42,61599012.86,8436291,1,1,1,1,1,0,AG2,
26392,휴엠앤씨,9.17,17.59,2.32,37.66,168962.1,44444514.96,11304358.13,1,1,1,1,1,0,AG2,
26445,유비쿼스,19.5,1.44,0.12,928.74,222453.23,195980191.6,3202094,1,1,1,1,1,0,AG2,
26466,씨앤지하이테크,-9.85,4,0.38,153.5,104365.31,139018000.68,7659948.66,0,1,1,1,1,1,AG2,
26485,이랜시스,9.36,3.79,0.42,276.42,184365.11,54856158.99,2629495.75,1,1,1,1,1,0,AG2,
26490,크라운제과,6.89,4.54,0.6,133.88,150106.33,227319575.34,16097086.67,1,1,1,1,1,0,AG2,
26552,AP시스템,10.13,17.42,2.31,40.09,2505606.15,373485912.88,119730356.79,1,1,1,1,1,0,AG2,
26556,영화테크,20.97,10.38,0.57,209.6,501012.64,101850047.66,13620758,1,1,1,1,1,0,AG2,
26574,엔에프씨,19.9,14.2,0.79,103.81,114087.26,67773071.6,13112545.22,1,1,1,1,1,0,AG2,
26725,HD현대,17.14,20.01,1.75,40,3093148678,31722929611,17040575467,1,1,1,1,1,0,AG2,
26726,HD현대일렉트릭,26.82,4.82,0.23,274.42,59950323.82,2083392717.27,259204247.33,1,1,1,1,1,0,AG2,
26727,HD건설기계,11.03,20.17,4.32,26.83,67048879,4829780094,1875320725,1,1,1,1,1,0,AG2,
26729,경동도시가스,4.93,1.82,0.27,368.91,215946.25,490547772.55,17136840.85,0,1,1,1,1,1,AG2,
26732,나인테크,9.94,29.61,-13.61,-20.43,1921634.08,102400954.37,54147138.8,1,1,1,0,1,1,AG2,
26779,배럴,8.71,32.43,3.36,22.76,611720.36,46220259.32,25477346.35,1,1,1,1,1,0,AG2,
26785,아시아나IDT,7.58,3.85,0.49,211.13,92723.33,171437829.34,8191141.59,1,1,1,1,1,0,AG2,
26798,매일유업,6.61,19.3,1.82,53.33,1257599.63,642198378.47,210619591.53,1,1,1,1,1,0,AG2,
26828,미원에스씨,18,6.2,0.4,249.01,1349945.93,459031080.31,36677639.87,1,1,1,1,1,0,AG2,
26962,시스웍,13.73,138.84,-31.19,-6.66,102772.08,-22771144.77,28648081.74,1,0,1,0,1,2,AG2,
27052,앱튼,-34.16,41.95,-6.5,-57.25,12004769.28,82291335.07,62226542.47,0,1,1,0,1,2,AG2,
27066,에브리봇,-14.96,30.75,-51.77,-30.78,1726860.07,61627622,32199674,0,1,1,0,1,2,AG2,
27087,뉴트리,1.53,8.06,-9.02,-11.4,1691188.45,106042315.72,11075075.27,0,1,1,0,1,2,AG2,
27156,오리온,22.49,0.72,0.05,1624.66,4782873,4009347043.67,34502677.03,1,1,1,1,1,0,AG2,
27183,팸텍,-51.5,17.12,-6.33,-25.24,94696.23,58883678.1,16099797.88,0,1,1,0,1,2,AG2,
27194,일진하이솔루스,0.1,0.3,,,11554.76,315045740.09,1038620.31,0,1,,,1,,AG3,재무정보 미제공
27198,제일약품,2.79,18.9,3.49,49.52,1205841.8,257451505.46,97375591.79,0,1,1,1,1,1,AG2,
27211,케이엔제이,21.52,45.87,3.81,37.9,2085754.3,103738629.12,115353668.66,1,1,1,1,1,0,AG2,
27221,한화시스템,9.74,18.34,6.9,19.86,25285274.9,5042789965.12,1984576362,1,1,1,1,1,0,AG2,
27229,이녹스첨단소재,24.08,24.8,2.82,26.04,9332657.31,543317349.69,265478917.67,1,1,1,1,1,0,AG2,
27245,진에어,20.41,38.2,5.85,16.51,8623371.67,245960987.65,528280901.76,1,1,1,1,1,0,AG2,
27255,삼양패키징,0.49,28.92,3.99,22.88,1508200.18,381533541.29,198575461.99,0,1,1,1,1,1,AG2,
27306,와이즈버즈,30.45,38.52,5.81,10.12,1826023.8,51151353.96,73224622.06,1,1,1,1,1,0,AG2,
27364,와이엠텍,12.13,30.37,0.01,39242.71,588907.54,61938583.59,32971832.28,1,1,1,1,1,0,AG2,
27440,이노시뮬레이션,-10.35,32.01,-40.54,-2.5,195856.31,29640901.38,17739991,0,1,1,0,1,2,AG2,
27563,에스에스알,-66.01,3.03,2.83,-162.85,11346.35,23624014.07,808367,0,1,1,0,1,2,AG2,
27604,스코넥,-208.72,21.8,-0.48,-723.02,1121565.36,12105480.51,5160433.55,0,1,1,0,1,2,AG2,
27673,한울앤제주,-45.78,62.36,-6.72,-46.35,1228106.79,12867282.43,35987034,0,0,1,0,1,3,AG3,score
27707,린드먼아시아,46.08,0,,,203.64,58057544.49,,1,1,,,1,,AG3,재무정보 미제공
27741,인산가,1.8,37.23,10.1,7.03,56642.61,64472885.4,43309538.2,0,1,0,0,1,3,AG3,score
27781,레인보우로보틱스,-13.77,0.3,-0.28,659.45,18150.3,132904272.86,422480.47,0,1,1,1,1,1,AG2,
27788,티에스아이,9,21.63,5.43,17.91,817778.18,132342096.78,70513340,1,1,1,1,1,0,AG2,
27828,천보,18.85,30.27,9.67,-13.84,12320466.74,479315208.01,254250183.96,1,1,1,0,1,1,AG2,
27847,에이피알,25.98,11.4,0.22,363.96,635192.74,506580289.85,108681829.79,1,1,1,1,1,0,AG2,
27865,HLB바이오스텝,-10.33,20.01,-7.93,-51.57,600046.68,107435973.3,30960246.66,0,1,1,0,1,2,AG2,
27957,케이뱅크,12.53,0,,,,2421125000,,1,1,,,,,AG3,재무정보 미제공
27960,미디어젠,-50.27,39.8,-6.25,-23.83,258335.51,13762124.84,15900015,0,1,1,0,1,2,AG2,
28036,롯데웰푸드,8.76,33.74,4.6,18.86,22182002.07,2312448531.49,1577306684.91,1,1,1,1,1,0,AG2,
28174,레이크머티리얼즈,23.24,56.38,7.38,12.52,2086399.36,140374729.16,209325918.58,1,0,1,1,1,1,AG2,
28182,케이씨텍,25.03,0.31,0.02,,28952.53,553189687.56,2016659.18,1,1,1,,1,,AG3,재무정보 미제공
28233,BGF리테일,8.11,0.56,0.02,100.07,11336857.48,1269629585.99,19640000,1,1,1,1,1,0,AG2,
28272,금양그린파워,-11.02,18.55,8.31,7.85,287941.86,87034639.17,30947435.66,0,1,1,0,1,2,AG2,
28288,코윈테크,2.1,22.18,-5.69,-8.15,2012795.67,259555803.82,97805345,0,1,1,0,1,2,AG2,
28462,카이노스메드,-273.07,1.92,-0.02,-470.73,2677.59,3414631.25,107923.64,0,1,1,0,1,2,AG2,
28474,쿠쿠홈시스,17.55,3.69,0.31,202.17,1033993.71,1300194526.2,60207600.73,1,1,1,1,1,0,AG2,
28513,SK케미칼,5.38,35.38,13.95,8.89,40094594.62,3129178251.77,2163157585.92,1,1,0,0,1,2,AG2,
28549,노바텍,7.57,0.3,0.08,5285.59,7122.99,150414449.69,550691.5,1,1,1,1,1,0,AG2,
28580,진영,5.01,39.53,75.48,-3.43,1184049.39,37246385.54,28550316.95,1,1,0,0,1,2,AG2,
28675,나노실리칸첨단소재,-54.48,24.44,-1.94,-53.48,519996.78,26011390.23,11875647.19,0,1,1,0,1,2,AG2,
28694,롯데이노베이트,8.99,20.77,1.79,36.69,2232176.49,447829451.1,175224301.82,1,1,1,1,1,0,AG2,
28784,인투셀,-1190.17,26.5,-1.06,-102.88,82021.92,21282068.87,10237966.84,0,1,1,0,1,2,AG2,
28818,케이피항공산업,10.09,51.54,7.2,13.13,542611,17669802,43844463,1,0,1,1,1,1,AG2,
28833,파라택시스코리아,-602.74,6.72,-0.38,-874.15,1481752,41596202.38,4287448,0,1,1,0,1,2,AG2,
28862,에스프리즘,-106.11,34.46,-1.98,-65.56,646492.37,42642821.71,29005331.19,0,1,1,0,1,2,AG2,
28898,모아데이타,-16.95,58.72,-23.63,-37.47,1166420.54,16918531.59,46923552.64,0,0,1,0,1,3,AG3,score
28901,아이스크림에듀,4.2,12.7,0.61,94.09,293883.79,43242620.23,8517568,0,1,1,1,1,1,AG2,
28908,SV인베스트먼트,-26.36,20.89,-3.35,-24.17,,68344602.08,19234175,0,1,1,0,,,AG3,재무정보 미제공
28922,자이언트스텝,-42.32,9.15,-0.44,-176.55,123637.72,48334232.64,5954105.28,0,1,1,0,1,2,AG2,
28993,웨이비스,-41.08,28.18,7.13,41.37,3433489.02,60669811.11,31589735.79,0,1,1,1,1,1,AG2,
29009,트윔,-47.31,0.29,-0.05,-665.2,280927.94,62454967.07,199730.76,0,1,1,0,1,2,AG2,
29012,DH오토리드,7.48,26.02,2.75,28.9,3442033.99,124560067.13,84904817.88,1,1,1,1,1,0,AG2,
29027,휴네시온,-27.65,0.29,0.03,3758.78,61357.45,48586724.27,158908.56,0,1,1,1,1,1,AG2,
29052,신도기연,-95.18,0.47,0.17,711.36,6680.83,59740123.96,299267.26,0,1,1,1,1,1,AG2,
29055,디케이티,10.85,18.43,1.56,75.66,1813600.22,222290992.27,64913580.72,1,1,1,1,1,0,AG2,
29056,파라택시스이더리움,-8.58,10.59,1.03,160.85,243171.12,32255602.36,4077064,0,1,1,1,1,1,AG2,
29065,엘앤씨바이오,26.71,18.73,4.6,-122.15,4382840.29,213217016.05,87493085.02,1,1,1,0,1,1,AG2,
29066,다이나믹솔루션,-86.12,18.12,-5.29,-74.04,3288171.58,54303144.04,14216711.06,0,1,1,0,1,2,AG2,
29067,대보마그네틱,-163.32,13.74,-0.8,-636.01,55762.92,16193107.22,6519738.18,0,1,1,0,1,2,AG2,
29069,소룩스,-35.75,31.59,-7.14,-26.74,1203331.3,84977997.64,48918527.92,0,1,1,0,1,2,AG2,
29072,푸드나무,-36.36,45.96,-4.74,4.81,861166.93,28965639.69,37012865,0,1,1,0,1,2,AG2,
29074,액트로,3.21,0.37,0.03,4702.27,560023.07,87994636.93,482523.8,0,1,1,1,1,1,AG2,
29123,엔피,-29.82,33.18,-12.13,-14.22,149170,26834098.57,15329832.86,0,1,1,0,1,2,AG2,
29165,압타머사이언스,-176.99,26.13,-1.99,-113.47,941304.8,26744291.45,12001387.31,0,1,1,0,1,2,AG2,
29181,핀텔,-20.48,2.88,-0.23,-551.91,4784.94,16582148.99,553553,0,1,1,0,1,2,AG2,
29348,하나제약,16.64,15.04,1.66,57.02,544067.45,319511711.49,66070558.19,1,1,1,1,1,0,AG2,
29349,카카오게임즈,-18.35,40.83,-175.52,-10.01,22550682.27,1097238950.58,1052739805.54,0,1,1,0,1,2,AG2,
29358,나우IB,6.49,24.74,-59.14,-1.11,1375,102769366.4,41900000,1,1,1,0,1,1,AG2,
29378,압타바이오,-625.45,8.67,-0.25,-312.94,1211256.58,40894883.6,4658576.19,0,1,1,0,1,2,AG2,
29414,레몬,-60.18,48.16,,,284433.36,6855138.47,11916747.73,0,1,,,1,,AG3,재무정보 미제공
29457,쿠콘,36.11,1.95,0.27,441.5,2056251.92,177968601.11,6505468,1,1,1,1,1,0,AG2,
29463,서남,-144.65,21.1,-1.03,-122.16,34323.96,8856538.75,3039856.16,0,1,1,0,1,2,AG2,
29487,IPARK현대산업개발,13.73,32.34,7.32,8.2,16529232.2,3206001100.83,2377900281.08,1,1,1,0,1,1,AG2,
29531,에이치브이엠,25.61,28.98,3.83,46.23,1699138.49,95598630.25,54061467.67,1,1,1,1,1,0,AG2,
29664,이노에이엑스,8.78,1.92,0.5,103.87,10919.62,33714163.79,761451.67,1,1,1,1,1,0,AG2,
29709,씨에스베어링,9.6,11.25,1.14,92.88,2081379.13,107343148.88,17521262.55,1,1,1,1,1,0,AG2,
29757,알로이스,22.03,41.9,,,948495.64,55949448.98,48826239.66,1,1,,,1,,AG3,재무정보 미제공
29789,HB솔루션,-3.41,13.56,19.28,89.28,14144835.73,258753182.62,44638016,0,1,0,1,1,2,AG2,
29800,효성화학,8.63,60.71,20.93,6.63,55584398.6,643226332.59,1606860632.67,1,0,0,0,1,3,AG3,score
29802,효성티앤씨,8.12,39.33,4.13,16.61,93362889.8,2050860965.93,2395885872.97,1,1,1,1,1,0,AG2,
29804,효성중공업,13,8.78,0.78,63.57,287099474.35,2538356347.86,690420377,1,1,1,1,1,0,AG2,
29805,HS효성첨단소재,11.21,63.16,7.16,10.16,38790968.77,914646117.85,2639780762,1,0,1,1,1,1,AG2,
29806,풍전약품,-5.2,13.06,,,215089.32,34236337.91,6659173.97,0,1,,,1,,AG3,재무정보 미제공
29838,에이비엘바이오,-123.57,18.61,-2.24,-41.55,1969370.43,183343287.4,55491527,0,1,1,0,1,2,AG2,
29854,더네이쳐홀딩스,6.09,27.34,6.69,11.41,3262831.46,384436600.41,182623963.16,1,1,1,1,1,0,AG2,
29869,에어부산,26.86,51.53,5.3,12.18,14465170.48,143844880.32,782939696.34,1,0,1,1,1,1,AG2,
29883,슈어소프트테크,2.99,13.89,1.29,51.89,646542.26,121267265.4,23395698,0,1,1,1,1,1,AG2,
29903,하나기술,-32.21,31.73,62.19,-3.37,2640125.64,96964907.15,117279490.53,0,1,0,0,1,3,AG3,score
29917,더블유에스아이,2.81,14.28,2.66,-12.98,123078.75,62606886.87,12429872.65,0,1,1,0,1,2,AG2,
29966,셀리드,-41.81,25.69,-3.63,-38.73,3222.27,72693130.43,29522692.47,0,1,1,0,1,2,AG2,
29990,위지윅스튜디오,-4.96,19.91,-21.77,-84.01,1706683.85,138402364.47,41429297.58,0,1,1,0,1,2,AG2,
30008,플리토,2.75,0.73,0.03,1247.34,28604.65,17466780.63,170761,0,1,1,1,1,1,AG2,
30012,라온피플,-6.75,23.68,-4.73,-28.79,2041352.33,59538580.27,32938616.44,0,1,1,0,1,2,AG2,
30072,한일시멘트,13.3,25.48,3.51,21.86,7315269.63,1808673904.45,761939395.63,1,1,1,1,1,0,AG2,
30130,바이브컴퍼니,-11.2,26.26,28.44,-81.36,1311013.2,39830506.34,15925959.07,0,1,0,0,1,3,AG3,score
30243,이노메트리,4.55,0.47,-0.36,210.02,113135.97,60986249.23,386736.41,0,1,1,1,1,1,AG2,
30244,SK바이오사이언스,-11.33,17.98,-9.33,1.49,13257426.08,2023602647.39,538000075.61,0,1,1,0,1,2,AG2,
30255,리메드,14.48,15.65,3.47,26.33,171302.26,39238405.77,8565574,1,1,1,1,1,0,AG2,
30303,지니틱스,-9.09,17.37,-0.53,-206.98,36360.72,14508155.28,4564249.54,0,1,1,0,1,2,AG2,
30336,프로티아,23.13,0.59,0.04,2368.93,2536.48,31686527.01,201133.24,1,1,1,1,1,0,AG2,
30353,이노뎁,-36.75,34.94,-113.23,0.9,312370.24,31500710.08,22425707,0,1,1,0,1,2,AG2,
30381,동국생명과학,15.41,17.55,1.98,36.51,1149561.06,133636956.99,39274229,1,1,1,1,1,0,AG2,
30410,솔트룩스,-44.02,13.45,-3.74,-67.38,601990.21,68738857.6,14552902.06,0,1,1,0,1,2,AG2,
30436,에스바이오메딕스,-52.26,35.07,-1.78,-29.68,202905.21,16714333.9,13149180.31,0,1,1,0,1,2,AG2,
30484,피플바이오,-230.17,27.62,-2.2,-124.78,636125.44,29766091.08,13106414.42,0,1,1,0,1,2,AG2,
30509,마이크로디지탈,-131.68,38.29,-3.62,-53.2,644075.12,23176011.5,23659424.02,0,1,1,0,1,2,AG2,
30604,에스제이그룹,-2.89,25.34,-9.98,-2.51,807203.65,113065194.52,51462602.21,0,1,1,0,1,2,AG2,
30620,세아제강,7.34,23.09,5.3,17.37,9137349.38,1131544303.01,443528969,1,1,1,1,1,0,AG2,
30662,지아이에스,-7.28,34.83,11.14,-0.49,1750474.82,44706192.93,58565807,0,1,0,0,1,3,AG3,score
30718,아이엘,6.79,51.85,-17.27,-6.85,1436747.45,35934864,84031322.97,1,0,1,0,1,2,AG2,
30728,원바이오젠,27.17,4.91,0.24,514.41,15848.39,41964257.2,2439915.35,1,1,1,1,1,0,AG2,
30775,국전,11.5,21.29,7.69,-6.11,6049421.67,107870765.93,40189187.05,1,1,1,0,1,1,AG2,
30787,비투엔,-49.86,21.6,-2.56,-66.85,606606.45,31013433.2,12966117.02,0,1,1,0,1,2,AG2,
30793,컴퍼니케이,71.8,0,,,9439.97,83714362.33,,1,1,,,1,,AG3,재무정보 미제공
30795,현대오토에버,7.56,5.95,0.47,172.98,2945740,1850605781,204791141,1,1,1,1,1,0,AG2,
30808,바이젠셀,-644.78,14.76,-0.52,-177.1,53935,41133063.57,7420264.34,0,1,1,0,1,2,AG2,
30810,형지글로벌,12.22,21.17,-4.11,-115.45,401167.72,65229170.38,28823866.55,1,1,1,0,1,1,AG2,
30817,씨티알모빌리티,3.61,55.49,9.91,5.74,2461264.55,85293137.09,194760926.02,0,0,1,0,1,3,AG3,score
30843,셀비온,-349.16,25.71,-1.02,-139.18,94849.91,20572236.25,8326970,0,1,1,0,1,2,AG2,
30971,아이티켐,-5.15,47.88,-123.36,-19.6,2170343.57,61067542.97,109299731.8,0,1,1,0,1,2,AG2,
30993,조이웍스앤코,20.14,35.32,-23.57,-90.23,731588.75,21315455.32,20041316.16,1,1,1,0,1,1,AG2,
30996,LB인베스트먼트,16.17,0,,,301.48,123550680.93,,1,1,,,1,,AG3,재무정보 미제공
31020,애니플러스,37.05,23.19,1.08,71.8,2235951.23,131023934.2,56849702.65,1,1,1,1,1,0,AG2,
31021,보로노이,-71127.98,22.44,-0.59,-266.57,2716271.31,91850148.43,35621282.27,0,1,1,0,1,2,AG2,
31087,디와이씨,12.09,37.56,4.85,24.36,459079.78,56225895.06,53501472.78,1,1,1,1,1,0,AG2,
31132,지오엘리먼트,18.32,9.87,0.96,93.52,67522.19,63063167.69,7886444.46,1,1,1,1,1,0,AG2,
31139,네오크레마,12.08,9.89,1.73,61.07,1315406.14,145809381.19,18259772.33,1,1,1,1,1,0,AG2,
31169,CJ 바이오사이언스,-566.5,16.3,-0.54,-194.54,172181.58,48111315.73,10612412.6,0,1,1,0,1,2,AG2,
31261,에이에프더블류,-30.34,23.64,-2.46,-49.4,128219.79,45041968.42,16041500,0,1,1,0,1,2,AG2,
31376,캐리,-97.92,43.29,-7.33,-40.56,1064790.74,20265364.6,24875991.57,0,1,1,0,1,2,AG2,
31413,지놈앤컴퍼니,-77.61,15.58,-1.22,-3.41,1548113.47,114228073.98,27170135.01,0,1,1,0,1,2,AG2,
31414,알피바이오,11.46,13.7,1.87,49.17,165138.45,109323842.33,22558776.36,1,1,1,1,1,0,AG2,
31493,바이오다인,-11.54,0.02,0.01,18828.13,76.85,44299203.71,8667.82,0,1,1,1,1,1,AG2,
31564,딥노이드,-1046.57,18.89,-0.69,-141.57,58686.64,24605898.35,6961224.5,0,1,1,0,1,2,AG2,
31614,우리금융지주,7.39,13.22,16.62,5.77,,39906308000,80990444000,1,1,0,0,,,AG3,재무정보 미제공
31712,라닉스,-97.33,36.18,-2.59,-45.41,256492.19,19529628.04,15096313.98,0,1,1,0,1,2,AG2,
31724,TS트릴리온,11.01,34.75,11.35,1.33,265944.81,32785382.11,23112743.87,1,1,0,0,1,2,AG2,
31733,덕산테코피아,-2.68,48.17,-25.67,-22.66,11516913.21,98641326.75,323512954,0,1,1,0,1,2,AG2,
31740,자이에스앤디,5.17,9.29,2.34,47.5,1186658.36,697514701.99,108681290,1,1,1,1,1,0,AG2,
31745,명인제약,38.29,0.15,,,171613.72,794477744.18,1290108.62,1,1,,,1,,AG3,재무정보 미제공
31753,에피소드컴퍼니,0.22,32.24,-9.38,-41.59,296316,30476732.49,20608527.53,0,1,1,0,1,2,AG2,
31769,퀀타매트릭스,-481.76,13.34,-0.47,-153.64,946302.59,35900675.99,6385126.37,0,1,1,0,1,2,AG2,
31783,에스피시스템스,-14.67,17.04,7.79,-14.74,161276.39,66222033.23,15912297.64,0,1,1,0,1,2,AG2,
31785,대모,11.6,16.84,3.04,36.97,263863.75,48800604.5,11500330.29,1,1,1,1,1,0,AG2,
31787,엔바이오니아,-3.55,37.56,-8.82,-36.05,218982.81,38539024.3,32152959.16,0,1,1,0,1,2,AG2,
31800,KBG,19.59,0.29,0.04,2593.14,109114.34,47161803.95,155094.85,1,1,1,1,1,0,AG2,
31801,팜스빌,2.73,0.02,0.06,23782.21,115232.54,67761876.33,15329.21,0,1,1,1,1,1,AG2,
31802,포인트모바일,4.11,20.17,3.15,41.94,386791.2,53048271.49,19507936.08,0,1,1,1,1,1,AG2,
31806,그래피,-88.77,33.75,-1.23,-75.89,168092,18387867.86,11738669.98,0,1,1,0,1,2,AG2,
31816,셀바이오휴먼텍,18.09,23.29,1.75,94.86,418915.09,61213814.38,21052433.75,1,1,1,1,1,0,AG2,
31841,비비씨,18.69,6.94,0.87,110.99,1017333.55,80662545.77,6723922.73,1,1,1,1,1,0,AG2,
31940,현대무벡스,0.51,21.5,4.11,35.78,4149661.03,159478507.15,70041503.95,0,1,1,1,1,1,AG2,
31966,피에스케이,31.79,2.41,0.14,634.37,7072347.08,567031454.08,17058774.37,1,1,1,1,1,0,AG2,
32000,한울반도체,-29.72,48.27,-5.53,-101.69,1814745.4,40427911.18,61554778.31,0,1,1,0,1,2,AG2,
32126,프로이천,-5.47,0.79,0.21,1250.92,225327.07,42439059.53,408848.8,0,1,1,1,1,1,AG2,
32137,센서뷰,-133.4,35.49,-1.3,-104.54,917337.99,15876031.15,12880387.26,0,1,1,0,1,2,AG2,
32155,티움바이오,-124.7,46.04,-3.73,-27.12,1650755.45,33724416.36,43810631.27,0,1,1,0,1,2,AG2,
32182,아티스트컴퍼니,-9.45,20.23,10.95,44.48,730429.03,37901439.56,13359046.47,0,1,0,1,1,2,AG2,
32200,HD현대에너지솔루션,20.19,2.93,0.2,499.18,5259682.03,440671237.66,16977871.34,1,1,1,1,1,0,AG2,
32218,LS티라유텍,-13.85,11.99,-8.42,-56.72,315038,57491248.2,11985487.07,0,1,1,0,1,2,AG2,
32231,오로스테크놀로지,-100.15,38.28,-4.52,-21.56,291164.1,58699550.08,44718860.36,0,1,1,0,1,2,AG2,
32251,제이엘케이,-772.65,42.61,-2.47,-50.83,752359.26,38416936.03,30800138.81,0,1,1,0,1,2,AG2,
32278,코퍼스코리아,2.29,40.12,6.87,-0.99,586731.25,26056632.97,25759346.18,0,1,1,0,1,2,AG2,
32328,태성,-2.18,19.52,-124.08,-0.7,114853.48,128109762.56,37767980,0,1,1,0,1,2,AG2,
32335,다원넥스뷰,27.66,11.62,0.75,125.06,41340.2,19667377.47,4105185.02,1,1,1,1,1,0,AG2,
32341,카카오뱅크,21.52,0,,,,6623982000,,1,1,,,,,AG3,재무정보 미제공
32399,박셀바이오,-261.27,2.82,-0.13,-590.06,63683.87,57222657.07,1792171.41,0,1,1,0,1,2,AG2,
32603,SK바이오팜,41.12,3.79,0.18,403.82,14209884.72,932052290.32,49981233.31,1,1,1,1,1,0,AG2,
32726,RF머트리얼즈,20.14,10.77,1.1,107.33,148758.98,93674650.21,14258822.2,1,1,1,1,1,0,AG2,
32813,루닛,-45.52,37.96,-2.27,-50.33,11062667.41,124741951.89,147899068.37,0,1,1,0,1,2,AG2,
32838,솔트웨어,0.95,14.24,3.88,62.22,292001.3,23334044.64,5385804.83,0,1,1,1,1,1,AG2,
32918,HD현대중공업,17.01,2.33,0.22,256.3,1574878156,9713237014,642273277,1,1,1,1,1,0,AG2,
33035,위더스제약,4.69,14.8,2.64,57.99,271410.87,101982785.92,21098905.74,0,1,1,1,1,1,AG2,
33073,스톤브릿지벤처스,78.45,0,,,43503,102067995.92,,1,1,,,1,,AG3,재무정보 미제공
33086,네패스아크,61.13,36.92,1.49,57.62,1041344.78,171278875.01,106499713.61,1,1,1,1,1,0,AG2,
33138,포커스에이아이,-28.12,25.35,-1.97,-47.75,1304956.4,26005513.97,16306936.92,0,1,1,0,1,2,AG2,
33152,밸로프,11.82,27.99,2.87,38.62,229223.42,33963456.71,16066247.11,1,1,1,1,1,0,AG2,
33174,아우토크립트,-67.23,44.46,-3.29,-21.34,719492.28,25921926.16,26734905.9,0,1,1,0,1,2,AG2,
33192,셀레믹스,-136.53,16.8,-1.07,-495.08,4722054.29,17504190.68,3840861,0,1,1,0,1,2,AG2,
33229,누보,6.57,38.45,4.6,15.69,425562.56,36514238.06,36415581.47,1,1,1,1,1,0,AG2,
33237,아이디피,23.3,0.93,0.06,1813.35,18099.33,71420472.94,731788,1,1,1,1,1,0,AG2,
33257,PS일렉트로닉스,4.63,23.27,7.2,56.47,3813410.09,147390633.92,61014260.88,0,1,1,1,1,1,AG2,
33305,이노테나,9.18,3.7,0.53,389.16,15263.52,23042957.77,1167444,1,1,1,1,1,0,AG2,
33343,일승,20.75,21.8,2.19,62.12,1968669.04,94519644.91,29019346.94,1,1,1,1,1,0,AG2,
33362,엔시스,-10.59,13.18,-1.71,-72.79,417917.93,49920527.51,12536810.65,0,1,1,0,1,2,AG2,
33497,프레스티지바이오로직스,-539.94,31.73,-2.97,-22.95,2395304.61,107638208.83,85093135.48,0,1,1,0,1,2,AG2,
33581,프리시젼바이오,13.8,22.47,241.36,-24.61,481507.46,43199537.08,14244197.18,1,1,0,0,1,2,AG2,
33587,윙스풋,-291.39,25.77,-2.18,-8.54,2873744.43,24367877.54,12195612,0,1,1,0,1,2,AG2,
33606,웨이버스,-16.2,1,0.21,381.66,558492.7,41081746.63,579270.16,0,1,1,1,1,1,AG2,
33626,두산퓨얼셀,6.26,50.4,-10.51,-17.86,12009440.65,355771081.99,664171901.73,1,0,1,0,1,2,AG2,
33637,솔루스첨단소재,-1.24,37.46,-214.25,-3.78,17636068.96,970914744.09,935936178.78,0,1,1,0,1,2,AG2,
33657,원텍,29.96,9.21,0.41,173.59,2056458.47,163409651.84,20923025.3,1,1,1,1,1,0,AG2,
33668,탑런토탈솔루션,1.05,41.14,12.47,7.58,6302970.81,211487319.35,256668512.45,0,1,0,0,1,3,AG3,score
33793,젝시믹스,6.76,15.45,1.05,79.14,528706.09,119602313.72,29067007.81,1,1,1,1,1,0,AG2,
33822,뷰노,-60.96,12.14,-1.69,-56.44,82765.84,41120680.52,6642057.35,0,1,1,0,1,2,AG2,
33884,와이바이오로직스,-1189.92,28.99,-1.75,-490.42,880819.84,22416918.08,15627849.78,0,1,1,0,1,2,AG2,
33977,교촌에프앤비,7.36,32.8,2.62,25.63,1241423.7,179929627.27,117188731.09,1,1,1,1,1,0,AG2,
33995,아이비김영,1.43,11.05,0.43,222.69,344710,58336523.06,14319389.35,0,1,1,1,1,1,AG2,
34036,다보링크,-6.64,34.18,-10.36,,5536298.1,12397831.42,14407893.4,0,1,1,,1,,AG3,재무정보 미제공
34044,세림B&G,5.61,17.43,3.74,43.01,66561.25,36390164.46,9335530.02,1,1,1,1,1,0,AG2,
34045,지씨지놈,10.39,4.42,0.94,173.39,43957.23,79086306.2,3896949.53,1,1,1,1,1,0,AG2,
34057,티앤엘,43.19,0.11,0.01,11963.43,2364.44,205751182.2,272520.22,1,1,1,1,1,0,AG2,
34081,시선AI,-49.47,24.33,-1.14,-124.77,234591.67,12536584.22,7354638.32,0,1,1,0,1,2,AG2,
34093,유일에너테크,-104.56,23.41,-8.48,-65.75,2785195.81,45457652.83,33161276.76,0,1,1,0,1,2,AG2,
34287,오아,5.44,32.77,3.18,-9.91,196201.41,45784860.52,25760527.34,1,1,1,0,1,1,AG2,
34482,KCC글라스,4.65,26.39,13.53,8,14660044.96,1357339760.3,640373122.79,0,1,0,0,1,3,AG3,score
34486,이노진,-4.19,0.48,0.7,620.62,857.78,13016314.94,72687.33,0,1,1,1,1,1,AG2,
34700,센코,1.28,5.01,1.17,76.8,54821.59,59339436.77,3670146.43,0,1,1,1,1,1,AG2,
34770,스피어,1.9,67.12,56.15,20.79,24252442.37,102378924.58,343131698.93,0,0,0,1,1,3,AG3,score
34774,피엔케이피부임상연구센타,23.47,1.06,0.18,686.07,161642.11,80677102.62,930099.07,1,1,1,1,1,0,AG2,
34777,핌스,12.86,34.05,8.12,6.28,383318.12,45332529.67,28727498.87,1,1,1,0,1,1,AG2,
34785,디앤디파마텍,-7550.14,6.48,-0.2,-254.59,206877.16,73950583.47,5993477.96,0,1,1,0,1,2,AG2,
34786,알체라,-198.99,14.49,-0.62,-10.04,444195.8,17810852.04,4792117.27,0,1,1,0,1,2,AG2,
34789,엠엑스온,5.11,19.48,,,784695.23,122682850.39,39519368.55,1,1,,,1,,AG3,재무정보 미제공
34803,모비릭스,17.2,3.56,-0.47,-541.53,48746.77,50194590.13,1944213.56,1,1,1,0,1,1,AG2,
34808,큐라티스,-18943.32,15.57,-1.56,-172,1574113.75,50304175.92,9541961.78,0,1,1,0,1,2,AG2,
34815,고바이오랩,-10.25,18.32,-2.74,-8.32,112327.53,46985432.9,16630965.19,0,1,1,0,1,2,AG2,
34821,넥스틴,-46.26,29.34,-8.77,-14.41,199554.09,144485554.31,71435286.5,0,1,1,0,1,2,AG2,
34834,뉴로메카,-118.67,43.33,-2.94,-86.76,23227679.99,41139246.1,35856511.4,0,1,1,0,1,2,AG2,
34835,위드텍,-22.25,7.96,2.47,84.68,881584.83,126947086.02,12514722.59,0,1,1,1,1,1,AG2,
34837,엔켐,-19.53,24.52,-4,-40.89,19456042.7,493076955.83,275579910.38,0,1,1,0,1,2,AG2,
35132,넥사다이내믹스,-223.94,34.22,-2.59,-64.76,630156.38,19909367.24,20185505.7,0,1,1,0,1,2,AG2,
35133,이삭엔지니어링,-16.21,29.42,-3.35,-42.17,332519.87,31606033.29,21521539.13,0,1,1,0,1,2,AG2,
35187,차이커뮤니케이션,1.06,45.57,11.3,7.37,702357.47,57812104.63,75775519.56,0,1,0,0,1,3,AG3,score
35209,스톰테크,18.89,21.48,1.86,54.43,150796.14,86490441.87,29129803,1,1,1,1,1,0,AG2,
35248,씨앤씨인터내셔널,8.03,8.25,1.2,52.89,2336664.41,360344112.55,35564212.98,1,1,1,1,1,0,AG2,
35270,씨앤투스,4.93,1.57,-1.6,-182.33,162716.38,150244977.96,2563459,0,1,1,0,1,2,AG2,
35277,셀레스트라,-948.57,20.84,-0.82,-29.6,79276.05,-6665884.78,3787889,0,1,1,0,1,2,AG2,
35282,하이브,-22.85,16.61,-45,-30.79,29178131,3607832579,984132486,0,1,1,0,1,2,AG2,
35291,오비고,-8.93,15.86,-2.96,-45.4,71034.17,34567742.43,7663314.42,0,1,1,0,1,2,AG2,
35294,인바이오,22.13,25.82,7.54,12.67,197398.16,44563719.36,19146230.34,1,1,1,1,1,0,AG2,
35319,휴럼,2.07,33.94,8.21,11.2,590473.18,42768016.46,33679725.67,0,1,1,1,1,1,AG2,
35320,대덕전자,21.55,0.8,0.05,726.05,6635641.19,918650529.38,9597645.83,1,1,1,1,1,0,AG2,
35359,오토앤,-8.74,36.6,10.92,-18.63,374831.29,17188042.19,18902431.12,0,1,0,0,1,3,AG3,score
35381,이지바이오,11.74,45.23,2.85,27.28,2262565.69,120295488.5,163678517.63,1,1,1,1,1,0,AG2,
35420,엔젠바이오,-10.1,45.58,-5.4,-29.8,3492770.21,22120756.56,32680530.96,0,1,1,0,1,2,AG2,
35432,알멕,11.65,45.83,9.28,4.73,3186347.34,164392253.15,162355687.97,1,1,1,0,1,1,AG2,
35515,코스텍시스,25.39,43.04,9.4,8.52,362429.42,28597697.48,24165747.49,1,1,1,0,1,1,AG2,
35539,크라우드웍스,-64.04,35.85,-1.32,-149.28,917851,21706576.94,15053098.59,0,1,1,0,1,2,AG2,
35569,에이텀,-0.91,50.83,-35.19,-17.26,2550098.43,10999007.94,37912167.11,0,0,1,0,1,3,AG3,score
35668,엑스게이트,6.08,16.25,1.71,61.36,97042.45,48761078.69,10609897,1,1,1,1,1,0,AG2,
35686,티엘비,17.14,35.19,2.13,46.81,733347,133376177.38,92545093.54,1,1,1,1,1,0,AG2,
35689,싸이버원,1.44,0.28,0.07,146.71,136304.45,47209011.76,147230,0,1,1,1,1,1,AG2,
35723,에이치피오,8.89,6.84,0.75,118.07,656986.07,192819473.07,18231066.31,1,1,1,1,1,0,AG2,
35755,석경에이티,38.76,10.89,1.26,87.19,50856.33,45601862,6126515,1,1,1,1,1,0,AG2,
35758,아모센스,7.84,42.46,5.28,12.32,1139389.35,47085004.8,57703072.68,1,1,1,1,1,0,AG2,
35778,솔브레인,23.01,4.14,0.3,474.45,12422580.02,1152453002.64,61728018.27,1,1,1,1,1,0,AG2,
35788,SKAI,-44.79,30.07,-5.82,-142.96,3747343.1,19475175.25,12484256.77,0,1,1,0,1,2,AG2,
35857,지아이이노베이션,-118.63,1.86,-0.06,-441.02,1112820.96,107797862.3,2157344,0,1,1,0,1,2,AG2,
35909,씨엔알리서치,-4.58,16.75,8.5,14.41,117115.69,45860888.79,15158117.97,0,1,1,1,1,1,AG2,
36007,탑머티리얼,-21.47,31.48,-1.85,-59.17,1406413.99,108907917.05,59946162.73,0,1,1,0,1,2,AG2,
36035,코셈,-37.06,12.49,-1.56,-44.05,27702.67,16462845.97,2689663.94,0,1,1,0,1,2,AG2,
36139,제노코,-5.73,5.46,-22.48,2.77,232330.25,64867197.49,4882954.52,0,1,1,0,1,2,AG2,
36157,알비더블유,8.76,24.11,8.56,4.74,630858.4,66032219.29,44629462,1,1,1,0,1,1,AG2,
36161,SK아이이테크놀로지,-109.4,38.9,-15.25,-7.68,48745527,2571397282,1683381496,0,1,1,0,1,2,AG2,
36167,삼영에스앤씨,3.92,4.59,-1.33,-15.29,16795.71,19221533.22,996055.75,0,1,1,0,1,2,AG2,
36232,청담글로벌,5.28,29.5,10.14,16.76,1170660.01,134070426.8,72566583.03,1,1,0,1,1,1,AG2,
36299,드림인사이트,3.93,16.04,11.83,16.49,64023.88,32786686.59,7684572.13,0,1,0,1,1,2,AG2,
36325,진시스템,-463.24,25.42,-0.47,-331.02,38440.32,9403832.53,3979587.47,0,1,1,0,1,2,AG2,
36326,모비데이즈,2.02,11.9,2.99,23.9,349426.37,47662801.04,15071672.89,0,1,1,1,1,1,AG2,
36328,티와이홀딩스,0.23,17.79,-13.03,-27.99,9446977.6,864680430.15,284862962,0,1,1,0,1,2,AG2,
36495,에이아이코리아,4.61,34.34,13.6,,558561.42,59189058,36292666.75,0,1,0,,1,,AG3,재무정보 미제공
36527,큐라클,-272.39,21.56,-0.78,-102.06,236658,41620571.89,11903187.97,0,1,1,0,1,2,AG2,
36533,에스와이스틸텍,-1.28,13.61,-24.68,-1.27,145411.04,94661929.51,17006646.4,0,1,1,0,1,2,AG2,
36534,성일하이텍,16.92,63.97,2978.5,-10.2,37900569.09,132676035.91,470527424.77,1,0,0,0,1,3,AG3,score
36559,하이딥,-11323.26,93.2,-1.15,-209.07,366726.5,-749154.44,12371081.66,0,0,1,0,1,3,AG3,score
36590,브이씨,0.91,39.09,21.59,0.15,461037.42,36276721.88,33608964.69,0,1,0,0,1,3,AG3,score
36603,공구우먼,14.16,1.56,0.18,841.56,21650.57,85320553.12,1450619.62,1,1,1,1,1,0,AG2,
36700,플래티어,-5.13,7.35,-0.86,,60369.5,31318586.77,3353035.69,0,1,1,,1,,AG3,재무정보 미제공
36860,아이씨에이치,22.28,49.1,-17.15,-23.38,1143832.5,34186594.87,48520226.46,1,1,1,0,1,1,AG2,
36877,파이버프로,36.57,19.24,0.91,154.52,140951.93,47805940,13915938.34,1,1,1,1,1,0,AG2,
36897,오에스피,15.11,24.65,7.52,-3.93,396003.03,43456134.94,16113424.21,1,1,1,0,1,1,AG2,
36937,블리츠웨이엔터테인먼트,-17.07,19.66,-1.39,-95.3,165220.58,16852750.61,7802357.54,0,1,1,0,1,2,AG2,
37009,퓨런티어,-35.21,1.56,-0.13,-594.49,13608.75,40032334.91,708370.93,0,1,1,0,1,2,AG2,
37195,풍원정밀,-4.9,62.78,-5.41,-26.48,954414.72,8650441.07,49087197.13,0,0,1,0,1,3,AG3,score
37217,윤성에프앤씨,-0.53,8.86,-0.86,-41.28,1263326.35,177861944.44,23344091,0,1,1,0,1,2,AG2,
37232,큐로셀,,47.83,-1.52,-75.48,1266240.87,24530804.07,48188423.97,,1,1,0,1,,AG3,재무정보 미제공
37280,아이티아이즈,-13.14,24.86,-1.37,-106.74,1020939.86,12183794.53,7865631.6,0,1,1,0,1,2,AG2,
37291,한컴라이프케어,-44.99,0.19,0.11,-585.78,505873.08,125479856.56,394288.6,0,1,1,0,1,2,AG2,
37311,엑셀세라퓨틱스,-245.57,35.54,-0.56,-177.63,82650.21,6541847.04,5302646.33,0,1,1,0,1,2,AG2,
37316,데이원컴퍼니,11.67,24.81,1.3,110.09,286957.82,46174380.12,24147368.39,1,1,1,1,1,0,AG2,
37317,엠아이큐브솔루션,-18.88,11.34,2.47,87.91,53801.56,22040934.58,3441909.07,0,1,1,1,1,1,AG2,
37320,엑스플러스,-19.85,46.85,-6.59,-14.37,2404905.01,20141290.13,30170375.5,0,1,1,0,1,2,AG2,
37322,LG에너지솔루션,13.53,38.37,7.86,12.24,894227000,29916304000,27548329000,1,1,1,1,1,0,AG2,
37550,DL이앤씨,10,10.76,2.01,50.94,23649361.52,5347771557.95,1079056033.22,1,1,1,1,1,0,AG2,
37618,피코그램,0.48,23.58,24.8,32.8,422806.95,38902079.93,13802530.66,0,1,0,1,1,2,AG2,
37627,HEM파마,-63.23,36.79,-1.35,-156.34,431760.44,1733119.1,19432498.78,0,1,1,0,1,2,AG2,
37629,씨유테크,6.06,3.94,0.54,128.52,130280.06,119862047.28,5821936.38,1,1,1,1,1,0,AG2,
37630,디어유,43.06,1.76,0.12,681.14,41014.51,212273892.84,4431239.66,1,1,1,1,1,0,AG2,
37690,로킷헬스케어,-27.05,41.48,-55.06,-7.03,185214.2,11286575.16,48504487.17,0,1,1,0,1,2,AG2,
37693,노을,-1290.65,11.14,-0.19,-233.68,52753.02,21094421.19,3365391.78,0,1,1,0,1,2,AG2,
37698,원티드랩,-2.76,20.91,3.42,39.63,705907.94,37038674.5,12567670.41,0,1,1,1,1,1,AG2,
37703,비트맥스,-15.21,101.64,-11.08,-206.08,1476860.97,-4845258.18,81739507.18,0,0,1,0,1,3,AG3,score
37722,프롬바이오,-14.69,57.27,-1.98,-65.57,436618.65,22435860.71,34766516.41,0,0,1,0,1,3,AG3,score
37730,카카오페이,15.04,2.74,1.28,95.7,1523465.26,1987927579.55,164572795.77,1,1,1,1,1,0,AG2,
37733,이지트로닉스,-219.71,25.92,-0.75,-154.66,103132.86,38271910.51,16159275.95,0,1,1,0,1,2,AG2,
37745,리파인,39.07,0.07,0.01,7075.18,1370.69,224183478.65,155649.78,1,1,1,1,1,0,AG2,
37746,큐에이드,-5.56,52.77,-229.48,16.49,1271930.5,55202075.72,80092496.93,0,0,1,1,1,2,AG2,
37748,마음AI,-87.63,41.74,-5.13,-15.45,329973.46,23873305.48,21955935,0,1,1,0,1,2,AG2,
37774,바이오노트,27.09,0.21,0.12,-1127.92,40206.72,1540262195.86,3334603.3,1,1,1,0,1,1,AG2,
37834,필에너지,-159.28,18.22,-2.35,-33.7,545400.56,123422886.02,36744033.71,0,1,1,0,1,2,AG2,
37880,샤페론,-5136.92,0.96,-0.02,-6619.62,8603.29,21201523.54,236709,0,1,1,0,1,2,AG2,
37885,화승알앤에이,7.34,28.07,3.11,28.98,3164316.12,176371518.21,142860625.22,1,1,1,1,1,0,AG2,
38054,옵티코어,-3.45,34.3,-4.98,-149.23,2790862.77,20644471.01,22350243.87,0,1,1,0,1,2,AG2,
38055,뉴로핏,-1147.74,2.39,-0.36,-136.47,78978.56,18994558.71,524395.35,0,1,1,0,1,2,AG2,
38162,제닉스로보틱스,-67.71,22.73,,,425599.63,46198054.55,16691056.63,0,1,,,1,,AG3,재무정보 미제공
38197,케이카,4.57,42.67,2.03,40.49,2776679.55,220865608,236615551.09,0,1,1,1,1,1,AG2,
38215,온코크로스,-1327,24.25,-1.05,-189.06,363510.41,11701512.69,8398306.99,0,1,1,0,1,2,AG2,
38248,지아이텍,12.29,18.69,4.14,28.52,196981.88,99089328.49,25295160.18,1,1,1,1,1,0,AG2,
38280,지앤비에스 에코,22.33,8.1,0.71,130.32,1410059.83,124091786.67,12521190.97,1,1,1,1,1,0,AG2,
38284,원준,-697.16,14.45,21.71,-77.48,250339.09,105311580.92,25483317.53,0,1,0,0,1,3,AG3,score
38290,범한퓨얼셀,-28.87,36.6,184.42,1.84,1608561.28,161036203.59,128471613.23,0,1,0,0,1,3,AG3,score
38322,F&F,31.58,13.75,0.66,181.08,8662441.51,1981063533.39,389340874.32,1,1,1,1,1,0,AG2,
38331,에코프로에이치엔,20.11,24.19,5.58,19.08,701273.2,305108326.88,109010015.48,1,1,1,1,1,0,AG2,
38380,LX홀딩스,81.76,12.36,2.8,70.45,2311000,2045745000,300333000,1,1,1,1,1,0,AG2,
38393,디티앤씨알오,-18.77,41.48,56.6,-16.08,10126517.65,11312357.53,38978942.98,0,1,0,0,0,4,AG3,score
38447,코어라인소프트,-221.83,42.54,-1.81,-74.32,764952.1,16609889.44,21799662.31,0,1,1,0,1,2,AG2,
38757,파인메딕스,-23.5,13.63,-2.2,-26.31,49386,18311176,3337419.95,0,1,1,0,1,2,AG2,
38805,지투파워,13.07,1.51,0.1,663.76,88307.01,42152286.78,1256463.03,1,1,1,1,1,0,AG2,
38821,씨엠티엑스,30.62,14.65,0.66,,1286505.78,200848227.24,42867201.57,1,1,1,,1,,AG3,재무정보 미제공
38861,지에프씨생명과학,18.82,23.47,3.76,31.01,155719.67,24619158.15,8411714.41,1,1,1,1,1,0,AG2,
38872,유일로보틱스,-77.35,1.04,-0.25,-471.3,4259302.55,93466652.78,1134020.5,0,1,1,0,1,2,AG2,
38879,라이콤,-29.53,8.51,10.2,-8.38,41242.31,20873521.19,2409328.56,0,1,0,0,1,3,AG3,score
38887,파로스아이바이오,,30.3,-0.86,-213,422734.32,11868958.69,8471984,,1,1,0,1,,AG3,재무정보 미제공
38902,자람테크놀로지,-23.47,26.87,-3.62,-16.5,877554.73,46585461.77,22594995,0,1,1,0,1,2,AG2,
38903,지니너스,-52.38,16.25,-1.14,-157.75,228017.28,27392577.65,9336471.82,0,1,1,0,1,2,AG2,
38914,포바이포,-16.04,29.13,-14.29,-23.25,482645.5,37432891.81,22022674.51,0,1,1,0,1,2,AG2,
38926,대명에너지,65.77,37.94,3.94,11.78,3062923.22,169454310.52,151697996.4,1,1,1,1,1,0,AG2,
38947,인벤티지랩,-1698.74,16.07,-1.5,4.24,7167123.12,115038687.6,34504316.73,0,1,1,0,1,2,AG2,
38950,에스비비테크,-80.32,17.56,-1.14,-138.12,7271952.42,23317158.05,5491472.18,0,1,1,0,1,2,AG2,
38965,넥스트바이오메디컬,-25.62,12.41,-10.43,5.43,101340.03,48935946.91,7425309.3,0,1,1,0,1,2,AG2,
38968,유디엠텍,-55.63,14.7,-0.74,-100.96,48662.67,9983787.15,2100707.66,0,1,1,0,1,2,AG2,
39171,코닉오토메이션,5.35,22.2,140.71,-8.51,245972.22,24576976.87,9900288.03,1,1,0,0,1,2,AG2,
39321,토마토시스템,5.64,40.33,-52.89,0.23,217560.15,25917508.96,23000996.13,1,1,1,0,1,1,AG2,
39389,더블유씨피,-11.24,47.12,-16.5,-13.79,47124816.29,888063522.86,929968035.54,0,1,1,0,1,2,AG2,
39397,대진첨단소재,-18.63,41.42,-3.13,-70.78,1334684.86,62123500.99,64250389.64,0,1,1,0,1,2,AG2,
39428,오픈엣지테크놀로지,-256.7,42.01,-0.73,-140.39,568719.44,9662349.8,16679285.85,0,1,1,0,1,2,AG2,
39442,리센스메디컬,-216.05,20.01,,,89972.47,21056080.32,6180824.21,0,1,,,1,,AG3,재무정보 미제공
39480,쓰리빌리언,-49.4,11.08,-0.85,-202.94,70380.38,22469105.5,3135431.99,0,1,1,0,1,2,AG2,
39627,넥스트칩,-9.65,23.71,-1.51,-49.62,1726270.23,14435358.39,8266617.59,0,1,1,0,1,2,AG2,
39630,세아메카닉스,8.72,34.92,9.9,18.16,700935.59,76453864.34,55667553.37,1,1,1,1,1,0,AG2,
39647,워트,23.42,0.09,0.02,11888.01,746.12,67104739.29,59892.92,1,1,1,1,1,0,AG2,
39703,에이프릴바이오,-280.04,0.45,-0.05,-516.04,9042.93,97895075.99,440091.96,0,1,1,0,1,2,AG2,
39781,애드포러스,10.3,4.46,0.79,-107.55,17261.74,37273547.09,2122079,1,1,1,0,1,1,AG2,
39812,에스지헬스케어,3.28,19.79,3.03,27.9,653242.62,25898056.51,7754012.64,0,1,1,1,1,1,AG2,
39972,가온칩스,-9.9,16.96,-4.15,-15.67,1271745.52,53707357.72,27432990.88,0,1,1,0,1,2,AG2,
40203,코난테크놀로지,-77.24,6.51,-0.44,-187.59,31789.46,24829071.15,2501922.63,0,1,1,0,1,2,AG2,
40234,SK스퀘어,96.11,0.3,0.01,13903.88,13090000,36262893000,118078000,1,1,1,1,1,0,AG2,
40249,그린리소스,15.61,36.74,5.32,34.41,2082707.67,78572525.02,56694945.87,1,1,1,1,1,0,AG2,
40349,우듬지팜,-8,48.61,46.53,-8.65,319584.77,35414580.71,39481775.03,0,1,0,0,1,3,AG3,score
40355,쏘카,26.78,63.2,3.01,21.06,6912666.53,153463876.82,365579392.56,1,0,1,1,1,1,AG2,
40385,더핑크퐁컴퍼니,20.91,1.42,0.14,623.57,2644111.54,191246590.7,3007068.65,1,1,1,1,1,0,AG2,
40387,HPSP,54.13,0.55,0.02,5013.19,14859.73,292872137.82,2155496.98,1,1,1,1,1,0,AG2,
40500,플라즈맵,-67.32,53.26,-1.55,-54.59,402248.08,3480164.35,9961388.9,0,0,1,0,1,3,AG3,score
40510,큐알티,30.99,25.93,2.01,67.31,635306.27,85872052.04,40025028.53,1,1,1,1,1,0,AG2,
40592,나라셀라,5.6,29.85,8.02,7.31,875368,65105713.3,36700250.23,1,1,1,0,1,1,AG2,
40682,뷰티스킨,-8.3,41.45,-18.5,-2.38,838138.17,30991622.71,37429654.03,0,1,1,0,1,2,AG2,
40740,꿈비,6.61,24.09,9.13,-24.4,878456.27,67295102.64,29694745.96,1,1,1,0,1,1,AG2,
40847,한패스,-1,23.37,,,659439.66,62799054.14,30449937.12,0,1,,,1,,AG3,재무정보 미제공
40890,스튜디오미르,-17.54,0.97,-0.34,31.13,248355.44,38600914.37,410964.86,0,1,1,1,1,1,AG2,
40892,메쎄이상,33.17,6.91,0.33,262.81,225310.63,79007856.4,7490905.59,1,1,1,1,1,0,AG2,
41108,샌즈랩,-38.52,0.01,-0.04,12663.53,44.14,51341152.52,6254.05,0,1,1,1,1,1,AG2,
41235,레이저쎌,-106.12,34.22,-1.2,-99.41,112402.08,16886819.54,13154500.45,0,1,1,0,1,2,AG2,
41254,제일엠앤에스,11.47,13.09,-1.82,-56.58,726690.17,-14452621.07,68538496,1,1,1,0,1,1,AG2,
41339,엠오티,1.34,32.62,7.98,11.86,772362.94,59463177.01,44254419.69,0,1,1,1,1,1,AG2,
41363,씨피시스템,19.36,0.45,0.05,1938.83,5360.3,42566078.65,217178.13,1,1,1,1,1,0,AG2,
41364,비아이매트릭스,0.71,12.31,3.17,99.8,59827.06,32119217,5765022.78,0,1,1,1,1,1,AG2,
41538,스튜디오삼익,2.76,0.49,0.09,1063.92,44225.64,35739975.05,226602.6,0,1,1,1,1,1,AG2,
41618,신성에스티,2.01,46.68,21.84,5.89,1289726.68,105036701.58,118010208.84,0,1,0,0,1,3,AG3,score
41701,나노팀,3.82,52.76,25.43,7.71,674615.26,48180617.43,61327471.47,0,0,0,0,1,4,AG3,score
41718,핑거스토리,0.15,13.05,5.21,81.25,465118.26,32323064.11,6673797,0,1,1,1,1,1,AG2,
41720,LS머트리얼즈,4.85,17.86,5.23,18.27,493855.22,203515882.62,50024551.25,0,1,1,1,1,1,AG2,
41750,제이아이테크,35.59,33.25,2.47,34.41,1221149.05,78605807.47,44670179.76,1,1,1,1,1,0,AG2,
41779,트루엔,24.35,0.04,0,17582.4,549.97,108215334,46915,1,1,1,1,1,0,AG2,
41784,저스템,26.04,15.88,1.7,49.6,107359.51,64170338.43,15656853,1,1,1,1,1,0,AG2,
41786,오브젠,0.25,16.75,6.17,-28.66,170389.91,10360388.56,8680165.59,0,1,1,0,1,2,AG2,
41797,모델솔루션,10.28,1.26,0.09,168.76,95339.55,72326461.53,1081628.06,1,1,1,1,1,0,AG2,
41825,시큐레터,-11.33,2.45,-0.04,-3516.51,844.52,3347407.86,127719.88,0,1,1,0,1,2,AG2,
41842,라온텍,-315.02,52.65,-4.12,-40.52,580217.07,13233145.16,21061416.78,0,0,1,0,1,3,AG3,score
41847,KT밀리의서재,22.42,2.25,0.14,1326.15,24452.54,86142582.44,2623912,1,1,1,1,1,0,AG2,
41855,제이오,-2.65,13.95,,,267190.49,169843635.22,28309950.86,0,1,,,1,,AG3,재무정보 미제공
41862,E8,-568.68,36.44,-0.96,-101.64,197831.67,11854824.69,8210775.59,0,1,1,0,1,2,AG2,
41905,삼기에너지솔루션즈,12.09,48.51,6.65,5.59,3151636.48,95435689.37,151783160.67,1,1,1,0,1,1,AG2,
41908,엔젯,-26.5,20.12,-1.74,-129.42,208888.4,33088144.89,9737910.67,0,1,1,0,1,2,AG2,
41912,산돌,38.65,12.34,1.61,43.75,762936.01,57996477.63,9272941,1,1,1,1,1,0,AG2,
41953,SAMG엔터,17.55,10.11,0.37,191.95,898596.32,81830580.27,11588377.62,1,1,1,1,1,0,AG2,
41954,비스토스,-9.89,12.61,-6.99,-0.48,30971.8,17610813.17,3259235.55,0,1,1,0,1,2,AG2,
42057,제이투케이바이오,17.21,2.58,0.18,484.93,96335.88,33904453.25,1060473,1,1,1,1,1,0,AG2,
42077,기가비스,-12.3,8.22,,,174240.55,201513031.33,20000000,0,1,,,1,,AG3,재무정보 미제공
42476,벨로크,-26.54,5.89,1.23,151.4,98540.93,26593866.1,1851933.86,0,1,1,1,1,1,AG2,
42487,이뮨온시아,,0.2,0,,995.4,23115189.65,55695.56,,1,1,,1,,AG3,재무정보 미제공
42496,스마트레이더시스템,-88.37,31.33,-5.7,-8.41,575387.42,31573710.27,19284643.7,0,1,1,0,1,2,AG2,
42498,마이크로투나노,14.97,21.01,-10.1,-24.38,306760.15,26540166.26,10814128.05,1,1,1,0,1,1,AG2,
42504,티이엠씨,7.86,17.52,2.24,37.54,1139721.58,289882058.6,77733743.37,1,1,1,1,1,0,AG2,
42542,티에프이,13.46,13.31,0.92,84.81,313960.62,123974090.73,22120619.09,1,1,1,1,1,0,AG2,
42927,시지트로닉스,-43.12,27.23,-1.62,-62.76,173997.97,20050224.94,8775866.9,0,1,1,0,1,2,AG2,
43069,한싹,-43.26,20.72,-5.65,-32.21,154777.92,32275326.86,9600245.1,0,1,1,0,1,2,AG2,
43119,케이쓰리아이,-23.4,14.23,-6.12,-56.62,81521.43,33492684.08,6348458.83,0,1,1,0,1,2,AG2,
43243,와이랩,-26.45,17.07,-1.26,-96.27,110372.23,31005114.62,10096166.82,0,1,1,0,1,2,AG2,
43247,케이엔에스,12.25,15.09,-74.19,-0.74,295678.3,58233275.72,13939368.61,1,1,1,0,1,1,AG2,
43272,퀄리타스반도체,-82.16,30.34,-1.08,-134.28,650398.42,32215938.9,23798851.47,0,1,1,0,1,2,AG2,
43298,엠에프씨,-4.15,9.14,3.68,35.9,201872.54,29490652.09,3146186.07,0,1,1,1,1,1,AG2,
43448,모니터랩,-13.1,9.23,2.94,38.68,84568.54,37969399.32,4510199.28,0,1,1,1,1,1,AG2,
43557,에르코스,-0.88,35.2,30.96,-6.1,441735.08,52973222.15,40564616.41,0,1,0,0,1,3,AG3,score
43773,삼현,-7.59,26.33,92.81,28.49,1453058.72,126403114.51,53500216.11,0,1,0,1,1,2,AG2,
43870,버넥트,-33.64,26.01,-1.91,-34.03,197901.3,28520095.47,11839930.4,0,1,1,0,1,2,AG2,
43909,마녀공장,23.83,2.21,0.19,587.75,52589.28,129223779.55,3116498.58,1,1,1,1,1,0,AG2,
43926,대한조선,27.76,0.02,0,208.01,57803130.07,1134285871.91,304142.79,1,1,1,1,1,0,AG2,
43958,블루엠텍,-0.61,36.59,61.27,5.04,787489.94,47495950.05,41457454.72,0,1,0,0,1,3,AG3,score
43996,코스모로보틱스,-194.46,8.35,,,275980.35,12363234.4,1584227,0,1,,,1,,AG3,재무정보 미제공
44011,파두,17.41,13.88,-0.57,-206.1,1346850.42,34097876.41,20205749.66,1,1,1,0,1,1,AG2,
44029,HB인베스트먼트,28.64,0,,,15193,86172212.56,,1,1,,,1,,AG3,재무정보 미제공
44032,오픈놀,7.44,25.44,-8.4,,435807.27,39837011.85,19251717.18,1,1,1,,1,,AG3,재무정보 미제공
44127,파인엠텍,1.23,35.99,12.65,0.82,3351945.04,235053477.2,163381624.05,0,1,0,0,1,3,AG3,score
44306,HD현대마린솔루션,16.85,1.81,0.07,1318.36,21640245.58,847037147.56,25246206.82,1,1,1,1,1,0,AG2,
44325,레뷰코퍼레이션,12.6,1.43,0.12,595.63,42713.05,52060124.08,1280332.18,1,1,1,1,1,0,AG2,
44367,에스피소프트,10.95,1.16,0.17,568.18,12038.58,67260989.93,977904,1,1,1,1,1,0,AG2,
44453,심플랫폼,-442.27,3.58,-0.19,-212.87,5719.13,12494416.88,596573.38,0,1,1,0,1,2,AG2,
44509,에이직랜드,-3.33,31.04,-4.12,-33.04,1033625.45,74110437.8,73439307.42,0,1,1,0,1,2,AG2,
44518,퓨릿,19.94,0.13,0.01,12929.52,402114.88,110237267.31,166101.2,1,1,1,1,1,0,AG2,
44568,큐리옥스바이오시스템즈,-205.03,3.29,-0.26,-424.73,215115.86,51718225.92,2557005.61,0,1,1,0,1,2,AG2,
44607,유니드비티플러스,-0.6,5.59,-3.03,2.41,1270290.37,190375183.86,12331532.72,0,1,1,0,1,2,AG2,
44654,메가터치,21.18,5.33,0.56,178.78,318649.23,70762331.94,4375568.93,1,1,1,1,1,0,AG2,
44684,지슨,-60.07,34.25,-1.05,,86705.19,6027814.58,5978467.97,0,1,1,,1,,AG3,재무정보 미제공
44828,에코아이,-66.97,0.27,-5.77,99.1,240086.34,119659827.5,396980.67,0,1,1,1,1,1,AG2,
44871,코츠테크놀로지,11.68,36.46,4.6,38.21,322261.55,54780373.4,44193005.72,1,1,1,1,1,0,AG2,
44890,한국피아이엠,5.42,24.13,4.26,41.55,491544.55,58153672.72,21523197.57,1,1,1,1,1,0,AG2,
45008,에코프로머티,9.42,27.41,-13.58,10.76,5520027.28,1486497367.41,782357243.68,1,1,1,1,1,0,AG2,
45033,하스,-10.75,12.82,2.59,44.2,186126.95,42508384.94,6615876.39,0,1,1,1,1,1,AG2,
45052,인스웨이브,-24.94,8.59,-1.9,-14.54,80221.01,38265831.04,4161292.3,0,1,1,0,1,2,AG2,
45095,아스테라시스,-17.27,3.33,0.18,549.04,137255.24,44163304.12,1736676.48,0,1,1,1,1,1,AG2,
45122,아이엠티,15.56,29.45,4.08,37.08,614998.71,32172402.7,21637939.49,1,1,1,1,1,0,AG2,
45125,삐아,16.9,1.94,0.13,451.36,256942.56,44884709.98,1088471.59,1,1,1,1,1,0,AG2,
45176,컨텍,-3.28,7.67,-3.86,7.94,1270437.03,190167683.39,20319780.48,0,1,1,0,1,2,AG2,
45216,제이엔비,12.87,40.73,16.81,3.68,367753.98,38466738.12,29024123.66,1,1,0,0,1,2,AG2,
45219,한빛레이저,5.59,11.35,1.15,138.58,137669.63,31213721.2,4649147.55,1,1,1,1,1,0,AG2,
45220,민테크,-132.92,32.1,-3.33,6.09,60671.65,30934925.72,16669950.96,0,1,1,0,1,2,AG2,
45226,한화갤러리아,22.45,29.86,7.15,13.09,7580400.48,841855470.62,609113026,1,1,1,1,1,0,AG2,
45228,한선엔지니어링,30.16,27.09,2.56,12.99,18028056.81,91694668.48,42270196.46,1,1,1,1,1,0,AG2,
45230,캡스톤파트너스,30.46,12.07,1.81,68.06,,34320021.06,5000000,1,1,1,1,,,AG3,재무정보 미제공
45240,이닉스,1.58,4.89,3.51,87.29,271261.28,123020971.97,6985430.91,0,1,1,1,1,1,AG2,
45243,사피엔반도체,6.71,29.02,-6.1,-14.82,443583.12,13456057.93,9338448.48,1,1,1,0,1,1,AG2,
45245,피아이이,-21.53,37.57,-2.97,-66.39,960796.46,51137478.17,50890315.35,0,1,1,0,1,2,AG2,
45334,현대그린푸드,9.14,7.51,0.5,232.89,953501,752549497,80993906,1,1,1,1,1,0,AG2,
45345,그리드위즈,-5.76,13.01,3.53,57.51,177003.17,131818701.58,23372284.03,0,1,1,1,1,1,AG2,
45386,에이에스텍,-4.14,34.32,56.93,6.97,398014.6,70586126.31,40760081.58,0,1,0,0,1,3,AG3,score
45491,두산로보틱스,-57.63,8.31,-0.66,-256.44,760580.97,341103561.1,33402334.42,0,1,1,0,1,2,AG2,
45518,케이지에이,-65.5,51.29,,,646646.44,40483091.73,52330100.32,0,0,,,1,,AG3,재무정보 미제공
45590,엔젤로보틱스,-440.34,3.97,-0.16,-551.05,31250.74,30511848.39,1403942.5,0,1,1,0,1,2,AG2,
45601,아이씨티케이,-422.91,2.8,-0.27,-195.68,95316.16,42892114.86,2008703.95,0,1,1,0,1,2,AG2,
45604,OCI,9.9,34.99,7.41,7.89,22449442,1194703313,815687666,1,1,1,0,1,1,AG2,
45607,이엔셀,-1224.7,20.95,-0.94,-140.59,604884.88,34957449.98,12645256.36,0,1,1,0,1,2,AG2,
45616,지투지바이오,-845.51,16.98,-3.61,-55.03,5998028.1,144336855.29,40223062.4,0,1,1,0,1,2,AG2,
45737,한켐,13.44,4.7,0.56,182.13,29987.13,58453663.33,3037645.22,1,1,1,1,1,0,AG2,
45755,우진엔텍,19.57,0.35,0.02,2327.29,2777.13,51404561.83,198113.67,1,1,1,1,1,0,AG2,
45760,벡트,-2.55,42.43,-5.15,-29.42,148380.59,17769986.01,17005272,0,1,1,0,1,2,AG2,
45835,에스팀,-5.08,6,,,62616.61,29986158.58,2306091.15,0,1,,,1,,AG3,재무정보 미제공
45887,씨어스,43.84,5.13,0.12,,69080.31,54160818.42,3776025.04,1,1,1,,1,,AG3,재무정보 미제공
45910,위츠,5.4,45.87,8.83,18.34,2412188.77,45242900.99,72387130.94,1,1,1,1,1,0,AG2,
45951,나우로보틱스,-76.91,40.87,,,794644.79,13098278.95,35770324.01,0,1,,,1,,AG3,재무정보 미제공
45955,알트,-3.47,3.4,0.85,,310502.49,46610080.93,1849658.42,0,1,1,,1,,AG3,재무정보 미제공
46047,아이빔테크놀로지,-1256.24,5.47,-0.73,-97.35,31944.34,26278658.28,1589973.44,0,1,1,0,1,2,AG2,
46085,동국씨엠,4.37,38.99,21.47,2.32,30697128.01,1039113665.69,1058269204.3,0,1,0,0,1,3,AG3,score
46086,동국제강,6.05,40.12,8.35,10.29,24877381.75,1880620185.75,1692371432.46,1,1,1,1,1,0,AG2,
46087,에스엠씨지,16.36,33.54,2.58,32.68,317162.89,42661743.57,25139387.5,1,1,1,1,1,0,AG2,
46093,현대힘스,13.2,13.3,1.01,66.57,464369.38,254853065.83,44186751.16,1,1,1,1,1,0,AG2,
46094,피앤에스로보틱스,-30.44,2.11,0.78,437.99,9946.09,42394907.04,941726.05,0,1,1,1,1,1,AG2,
46103,아이엠비디엑스,-168.77,2.46,-0.08,-1366.12,9864.79,24375495.7,650296.28,0,1,1,0,1,2,AG2,
46130,아이스크림미디어,-43.73,4.94,0.18,746.88,1604761.18,197083771.2,12588409.88,0,1,1,1,1,1,AG2,
46231,뉴키즈온,-2.65,11.71,-14.71,,66445.22,43936721.77,6529933.78,0,1,1,,1,,AG3,재무정보 미제공
46251,라메디텍,-320.07,33.68,-0.67,-263.52,209081.34,5732423.6,7451301.52,0,1,1,0,1,2,AG2,
46252,조선내화,8.8,38.35,5.2,10.36,2844483,245982834,198078947,1,1,1,1,1,0,AG2,
46286,더즌,30.26,0.41,0.05,881.96,11075.9,75247816.79,824858.89,1,1,1,1,1,0,AG2,
46287,시프트업,51.46,5.79,0.34,502.17,8724245.67,955528968.1,63327010.4,1,1,1,1,1,0,AG2,
46298,아이지넷,10.52,26.62,3.41,46.14,23279.87,22597799.03,17264437.21,1,1,1,1,1,0,AG2,
46302,뉴엔AI,-13.17,1.76,-3.36,3.36,12000,53280000,1027000,0,1,1,0,1,2,AG2,
46348,모티브링크,-4.31,22.25,-19.26,8.55,122513.8,36024447.31,14963880.76,0,1,1,0,1,2,AG2,
46408,에스오에스랩,-890.07,66.19,-3.06,-59.88,1395633.48,20512452.33,48920385.67,0,0,1,0,1,3,AG3,score
46428,티디에스팜,18.96,22.42,2.47,56.23,92054.86,43931129.33,13901646.84,1,1,1,1,1,0,AG2,
46449,쿼드메디슨,-1280.04,16.2,-1.89,-63.08,85731.6,26890951.58,7545518.62,0,1,1,0,1,2,AG2,
46450,아이언디바이스,-17.37,12.61,-0.87,-97.79,125433.34,26132746.62,4149364.49,0,1,1,0,1,2,AG2,
46458,닷밀,-2.93,31.76,3.4,47.21,94648.17,32842440.61,17699870,0,1,1,1,1,1,AG2,
46548,인스피언,8.74,1.76,0.33,354.78,1426574.22,54731725.75,1050217.44,1,1,1,1,1,0,AG2,
46577,STX그린로지스,30.3,53.1,2.2,-1.82,1363981.78,37551538.88,52783383.9,1,0,1,0,1,2,AG2,
46610,클로봇,-26.46,0.96,-0.68,-0.59,90870.12,58423896.56,646647.83,0,1,1,0,1,2,AG2,
46641,사이냅소프트,36.16,0.09,0.01,9950.12,18698.76,71180790.2,67129,1,1,1,1,1,0,AG2,
46853,프로티나,-2586.17,2.78,-0.06,-1087.03,28537.04,25222388.12,798203.64,0,1,1,0,1,2,AG2,
46961,이노테크,16.32,19.04,2.19,,770584,68607216.35,18978837.63,1,1,1,,1,,AG3,재무정보 미제공
46975,아이비젼웍스,-7.43,15.45,15.98,7.12,112040.05,35876414.58,7131713,0,1,0,0,1,3,AG3,score
47182,셀로맥스사이언스,9.89,0.74,0.14,383.46,5379.78,47627665.03,384011.37,1,1,1,1,1,0,AG2,
47285,폰드그룹,17.64,31.22,2.15,42.08,1797508.31,273356732.12,158196971.98,1,1,1,1,1,0,AG2,
47398,노머스,22.58,0.68,0.07,1340.28,260929.68,108242501.56,824657.35,1,1,1,1,1,0,AG2,
47417,루미르,0.31,9.42,6.99,36.16,5215.41,61265453.54,6954573.03,0,1,1,1,1,1,AG2,
47461,RF시스템즈,17.04,11.2,1.33,103.93,73314.39,53839168.76,9284851.2,1,1,1,1,1,0,AG2,
47465,링크솔루션,-184.92,34.2,-4.36,-27.81,547072.41,35138821.05,22666527.36,0,1,1,0,1,2,AG2,
47515,SK이터닉스,42.3,38.45,6.45,12.54,13860711.46,270392016.42,540272572,1,1,1,1,1,0,AG2,
47523,엔알비,25.74,39.19,4.52,13.13,5562157.12,89534333.96,84214060.02,1,1,1,1,1,0,AG2,
47540,씨메스로보틱스,-80.2,4.29,-0.16,-778.31,23119.67,54603261.76,2646532,0,1,1,0,1,2,AG2,
47543,키스트론,15.8,1.1,0.2,265.65,108135.43,192195358.49,2420786.66,1,1,1,1,1,0,AG2,
47546,미트박스,8.38,33.4,3.56,33.4,903260.98,37920989.66,33693870.48,1,1,1,1,1,0,AG2,
47556,더본코리아,-2.17,7.5,-0.91,-115.34,220740.86,238014046.82,23727981.89,0,1,1,0,1,2,AG2,
47558,에이럭스,-16.5,23.4,-3,-57.23,755514.9,44434218.86,21540840.49,0,1,1,0,1,2,AG2,
47566,에스켐,16.4,3.12,1.89,58.25,86821.09,36587855.21,1277972.41,1,1,1,1,1,0,AG2,
47583,오름테라퓨틱,-3095909.56,57.71,-3.17,-43.71,1121938.07,119572456.48,180522799.35,0,0,1,0,1,3,AG3,score
47596,토모큐브,-53.53,2.49,-0.36,-152.09,20398.59,37960684.88,1019489,0,1,1,0,1,2,AG2,
47604,오가노이드사이언스,-2955.18,23.47,-0.44,,156794.93,19968929.04,7422454.29,0,1,1,,1,,AG3,재무정보 미제공
47606,온코닉테라퓨틱스,19.95,0.13,0.01,11002.28,1537.11,79523741.98,115426.2,1,1,1,1,1,0,AG2,
47608,M83,-2.4,25.14,-4.9,-32.52,1652050.06,41069024.24,23600616.13,0,1,1,0,1,2,AG2,
47683,알지노믹스,-2131.09,1.98,-0.07,-393.77,14422.87,51749317.1,1158159.82,0,1,1,0,1,2,AG2,
47785,마키나락스,-72.52,19.16,,,42184.62,12092987.63,3586427.66,0,1,,,1,,AG3,재무정보 미제공
47856,블랙야크아이앤씨,21.68,35.91,2.4,6.72,1073534.01,36465920.27,34671062.63,1,1,1,0,1,1,AG2,
47996,위너스일렉,12.03,11.23,0.92,94.59,187647.19,37892428.09,5769381.26,1,1,1,1,1,0,AG2,
48037,씨케이솔루션,-28.96,13.29,-0.65,-168.64,1278038.99,61886637.03,27435140.34,0,1,1,0,1,2,AG2,
48107,에이유브랜즈,18.19,17.61,1.25,103.05,248701.37,77758351.99,19887715.68,1,1,1,1,1,0,AG2,
48263,삼양엔씨켐,16.01,5.92,0.33,140.69,386634.64,124863629.6,8894800,1,1,1,1,1,0,AG2,
48365,달바글로벌,26.57,1.25,0.03,2896.49,1573722.61,231859975.71,3740817.41,1,1,1,1,1,0,AG2,
48412,도우인시스,29.54,17.03,1.31,70.6,587563.48,175688645.33,39918828.67,1,1,1,1,1,0,AG2,
48459,삼양컴텍,26.03,10.73,0.94,79.04,233281.02,158719729.41,30708165.14,1,1,1,1,1,0,AG2,
48481,티엑스알로보틱스,-8.11,25.95,31.77,-55.2,201189.25,54007872.54,23575836,0,1,0,0,1,3,AG3,score
48487,엠앤씨솔루션,13.99,0.23,0.02,4172.35,259549.84,178023990.12,918056.33,1,1,1,1,1,0,AG2,
48699,노타,-104.3,18.72,,,134942.05,23875374.97,6698080.12,0,1,,,1,,AG3,재무정보 미제공
48757,HS효성,4.16,18.25,3,18.98,6916841,549289509.63,182867232.85,0,1,1,1,1,1,AG2,
48758,폴레드,19.11,13.34,0.7,121.54,229326.87,42687170.78,8068372.71,1,1,1,1,1,0,AG2,
48828,에스투더블유,-103.43,1.16,-0.06,-611.98,54559.47,21526428.59,344831.88,0,1,1,0,1,2,AG2,
48890,비츠로넥스텍,-47.31,14.76,,,160801.26,55990270.53,17534527,0,1,,,1,,AG3,재무정보 미제공
48946,바이오비쥬,34.72,0.47,0.08,,4060.12,63355409.89,318889.16,1,1,1,,1,,AG3,재무정보 미제공
48950,엘케이켐,29.82,5.38,0.47,202.04,54135.66,60989135.3,3638252.16,1,1,1,1,1,0,AG2,
48979,한화비전,8.33,31.43,3.54,17.36,77696171.54,866480680.55,683471151.37,1,1,1,1,1,0,AG2,
49047,세미파이브,2.96,1.45,-0.12,,1406035.69,229182981.64,4631811.69,0,1,1,,1,,AG3,재무정보 미제공
49100,리브스메드,-72.18,6.22,,,199306.15,174789955.08,12302081.95,0,1,,,1,,AG3,재무정보 미제공
49328,아이엠바이오로직스,39.8,0.42,,,23750.88,127826088.02,544401.86,1,1,,,1,,AG3,재무정보 미제공
49333,지에프아이,15.89,2.58,0.21,,158943.81,56113111.47,1737825.3,1,1,1,,1,,AG3,재무정보 미제공
49412,큐리오시스,-116.77,9.58,-0.5,-163.7,71891.83,26725646.41,3144207.73,0,1,1,0,1,2,AG2,
49979,GS피앤엘,32.97,25.24,3.97,18.38,5291513.34,1260677558.9,620948841.16,1,1,1,1,1,0,AG2,
90007,글로벌에스엠,10.37,3.22,0.36,177.31,1661730,151141972,5832191,1,1,1,1,1,0,AG2,
90010,파이온엑스,-71.69,10.42,-0.91,-233.71,167329,37489840,4780017,0,1,1,0,1,2,AG2,
90011,딥커머스,18.37,0,,7363.86,16031,385262093,,1,1,,1,1,,AG3,재무정보 미제공
90012,씨엑스아이,75.38,0.15,0.03,5886.89,1921,573553299,832279,1,1,1,1,1,0,AG2,
90014,엘브이엠씨홀딩스,20.72,20.35,2.34,26.06,4559111,566126479,155377877,1,1,1,1,1,0,AG2,
90025,크리스탈신소재,6.57,0.28,0.07,194.24,35999,536439703,1592623,1,1,1,1,1,0,AG2,
90026,로스웰,3.49,12.93,3.9,42.51,536630,311360624,101939439,0,1,1,1,1,1,AG2,
90027,헝셩그룹,6.85,9.27,5.57,11.72,574832,411227505,43485158,1,1,1,1,1,0,AG2,
90029,GRT,23.92,25.1,2.74,32.09,9661495,1489694364,686028148,1,1,1,1,1,0,AG2,
90030,오가닉티코스메틱,-17.77,6.85,-0.41,-341.09,2787411,275916564,24566729,0,1,1,0,1,2,AG2,
90031,컬러레이,25.03,9.35,4.37,15.86,339845,299900908,31974968,1,1,1,1,1,0,AG2,
90034,윙입푸드,12.09,14.02,2.01,46.7,414188,263046231,45560960,1,1,1,1,1,0,AG2,
95013,엑세스바이오,-166.81,7.03,-0.84,-129.8,1839916,571290905,43702553,0,1,1,0,1,2,AG2,
95014,잉글우드랩,14.2,10.94,0.59,122.16,378206,172241180,25837058,1,1,1,1,1,0,AG2,
95016,코오롱티슈진,-363.6,12.73,-3,-568.9,98209739,124838097,64992495,0,1,1,0,0,3,AG3,score
95019,고스트스튜디오,25.47,3.19,0.3,177.07,365068,161953789,5873548,1,1,1,1,1,0,AG2,
95020,소마젠,4.39,28.09,3.87,14.76,271304,26540266,15052195,0,1,1,1,1,1,AG2,
95021,프레스티지바이오파마,-5175.09,11.21,-1.39,-48.59,4914447,554677508,85943449,0,1,1,0,1,2,AG2,
95022,네오이뮨텍,-1180.48,13.81,-0.52,-264.05,2651059,54319374,10909336,0,1,1,0,1,2,AG2,
95025,테라뷰,-101.86,2.56,,,21442,35878462,1166005,0,1,,,1,,AG3,재무정보 미제공
